Customer_number, Customer_age, Gender, Number_of_counts, Education_level, Marital_status, Earnings, Card_category, Credit_limit, Avg_utilities_ratio, Attrition_flag
852941520,30,female,1,Collage,Married,29107 zł brutto,Platinum,44460.0,0.12,Existing Customer
521001879,60,female,5,high school,Single,11624 zł brutto,Silver,13650.0,0.89,Existing Customer
817447418,49,female,2,high school,Unknown,6837 zł brutto,Black,7900.0,0.47,Attrited Customer
901834013,34,female,4,high school,Married,18161 zł brutto,Platinum,44460.0,0.97,Existing Customer
617454681,27,male,3,high school,Single,24224 zł brutto,Platinum,44460.0,0.75,Existing Customer
567578834,41,male,3,Doctorate,Unknown,15091 zł brutto,Gold,24600.0,0.94,Attrited Customer
189438695,56,female,4,Uneducated,Married,15496 zł brutto,Gold,24600.0,0.19,Attrited Customer
468495967,45,female,3,Student,Single,23684 zł brutto,Platinum,44460.0,0.61,Existing Customer
572277972,51,female,4,Collage,Unknown,14060 zł brutto,Gold,24600.0,0.15,Attrited Customer
387020265,55,female,1,Professor,Unknown,7352 zł brutto,Black,7900.0,0.58,Attrited Customer
300136110,51,female,4,Professor,Unknown,5591 zł brutto,Black,7900.0,0.9,Existing Customer
117599013,61,male,4,Doctorate,Single,17581 zł brutto,Gold,24600.0,0.2,Existing Customer
727709235,42,female,1,high school,Married,13388 zł brutto,Gold,24600.0,0.57,Existing Customer
799015883,33,male,1,Post-Graduate,Married,6940 zł brutto,Black,7900.0,0.89,Existing Customer
447249532,38,male,2,Unknown,Unknown,17304 zł brutto,Gold,24600.0,0.27,Existing Customer
226723639,57,female,5,Professor,Single,30164 zł brutto,Platinum,44460.0,0.72,Attrited Customer
923665812,18,female,2,Collage,Unknown,17657 zł brutto,Gold,24600.0,0.05,Attrited Customer
120281369,35,male,5,Unknown,Unknown,6452 zł brutto,Black,7900.0,0.95,Existing Customer
590753091,18,male,5,Post-Graduate,Unknown,24703 zł brutto,Platinum,44460.0,0.38,Existing Customer
124999159,23,female,2,Professor,Single,30713 zł brutto,Platinum,44460.0,0.83,Attrited Customer
393248607,29,male,5,Unknown,Single,24309 zł brutto,Platinum,44460.0,0.43,Attrited Customer
227374325,56,female,4,Doctorate,Married,31749 zł brutto,Platinum,44460.0,0.22,Attrited Customer
181779187,46,female,1,Uneducated,Married,18027 zł brutto,Platinum,44460.0,0.16,Existing Customer
386713654,49,male,2,Doctorate,Married,12348 zł brutto,Gold,24600.0,0.31,Attrited Customer
735641137,35,male,4,Graduate,Married,26644 zł brutto,Platinum,44460.0,0.2,Existing Customer
687838194,20,male,1,Student,Single,14271 zł brutto,Gold,24600.0,0.78,Existing Customer
795174281,44,male,3,Post-Graduate,Single,8905 zł brutto,Silver,13650.0,0.06,Existing Customer
783672357,42,male,3,Student,Unknown,4646 zł brutto,White,3750.0,0.14,Attrited Customer
894573100,30,male,3,high school,Married,16729 zł brutto,Gold,24600.0,0.12,Attrited Customer
817538083,45,male,1,Doctorate,Unknown,29040 zł brutto,Platinum,44460.0,0.14,Existing Customer
755903615,53,male,4,Professor,Single,13877 zł brutto,Gold,24600.0,0.93,Existing Customer
126498663,54,male,3,Collage,Single,29686 zł brutto,Platinum,44460.0,0.74,Existing Customer
485503559,49,female,4,Post-Graduate,Single,24479 zł brutto,Platinum,44460.0,0.52,Existing Customer
632831276,28,female,1,Professor,Married,23786 zł brutto,Platinum,44460.0,0.55,Attrited Customer
135796889,46,male,1,Unknown,Unknown,30622 zł brutto,Platinum,44460.0,0.17,Attrited Customer
998849209,49,male,2,Uneducated,Single,4946 zł brutto,White,3750.0,0.65,Attrited Customer
582465853,62,male,2,Post-Graduate,Single,20401 zł brutto,Platinum,44460.0,0.63,Existing Customer
470688976,36,male,2,Uneducated,Married,13931 zł brutto,Gold,24600.0,0.24,Attrited Customer
975681284,43,female,5,Unknown,Unknown,25399 zł brutto,Platinum,44460.0,0.34,Attrited Customer
163882434,20,female,4,Uneducated,Single,9674 zł brutto,Silver,13650.0,0.06,Existing Customer
519253332,18,female,3,high school,Unknown,7580 zł brutto,Silver,13650.0,0.53,Existing Customer
580623026,50,male,1,Unknown,Single,4191 zł brutto,White,3750.0,0.07,Attrited Customer
311760483,51,female,3,Student,Single,21721 zł brutto,Platinum,44460.0,0.08,Attrited Customer
505437546,37,male,3,Student,Single,3284 zł brutto,White,3750.0,0.85,Attrited Customer
275191799,23,female,3,Unknown,Unknown,13998 zł brutto,Gold,24600.0,0.6,Existing Customer
290197630,40,male,3,high school,Unknown,15369 zł brutto,Gold,24600.0,0.12,Attrited Customer
261008054,50,female,1,Graduate,Unknown,20606 zł brutto,Platinum,44460.0,0.13,Existing Customer
832314036,33,female,2,Student,Married,14283 zł brutto,Gold,24600.0,0.75,Attrited Customer
993545980,35,male,2,Graduate,Married,29602 zł brutto,Platinum,44460.0,0.11,Existing Customer
554044004,50,male,3,Unknown,Married,23106 zł brutto,Platinum,44460.0,0.52,Existing Customer
844680664,63,female,1,Graduate,Single,5642 zł brutto,Black,7900.0,0.66,Attrited Customer
753144412,42,female,3,Doctorate,Single,5453 zł brutto,Black,7900.0,0.31,Attrited Customer
949685243,18,female,3,Post-Graduate,Single,7313 zł brutto,Black,7900.0,0.41,Existing Customer
655756966,45,female,3,Uneducated,Married,31418 zł brutto,Platinum,44460.0,0.5,Attrited Customer
242772818,29,male,3,Graduate,Married,6369 zł brutto,Black,7900.0,0.06,Attrited Customer
249079477,56,female,4,Student,Married,29649 zł brutto,Platinum,44460.0,0.94,Existing Customer
962660387,48,female,5,Collage,Married,19633 zł brutto,Platinum,44460.0,0.47,Existing Customer
428171950,43,female,2,Doctorate,Unknown,6477 zł brutto,Black,7900.0,0.25,Attrited Customer
743960649,48,male,3,Doctorate,Single,31759 zł brutto,Platinum,44460.0,0.59,Existing Customer
191609018,36,male,3,Uneducated,Married,12976 zł brutto,Gold,24600.0,0.42,Existing Customer
541780146,45,female,3,Uneducated,Unknown,4631 zł brutto,White,3750.0,0.15,Attrited Customer
392282444,29,male,3,Collage,Unknown,19184 zł brutto,Platinum,44460.0,0.56,Existing Customer
796167866,27,female,4,Post-Graduate,Unknown,5549 zł brutto,Black,7900.0,0.11,Existing Customer
613007407,56,male,2,Graduate,Single,24624 zł brutto,Platinum,44460.0,0.8,Attrited Customer
581691476,54,male,3,high school,Unknown,11803 zł brutto,Silver,13650.0,0.14,Attrited Customer
990344963,57,female,1,Professor,Unknown,19518 zł brutto,Platinum,44460.0,0.11,Existing Customer
536679126,48,female,1,Doctorate,Single,12557 zł brutto,Gold,24600.0,0.79,Existing Customer
481145398,26,female,3,high school,Married,16959 zł brutto,Gold,24600.0,0.68,Attrited Customer
672822016,58,male,1,Uneducated,Single,9640 zł brutto,Silver,13650.0,0.98,Existing Customer
600996318,26,female,3,Post-Graduate,Married,20131 zł brutto,Platinum,44460.0,0.68,Existing Customer
228744926,55,female,1,Post-Graduate,Unknown,29596 zł brutto,Platinum,44460.0,0.14,Existing Customer
794062055,51,female,2,Professor,Unknown,19086 zł brutto,Platinum,44460.0,0.1,Attrited Customer
226812269,21,male,1,Uneducated,Single,12580 zł brutto,Gold,24600.0,0.06,Existing Customer
538718688,27,female,3,Uneducated,Married,10646 zł brutto,Silver,13650.0,0.86,Existing Customer
476971498,34,female,4,Doctorate,Single,7269 zł brutto,Black,7900.0,0.25,Attrited Customer
240428261,61,male,3,Uneducated,Unknown,12577 zł brutto,Gold,24600.0,0.92,Existing Customer
761599996,62,female,2,Student,Married,19322 zł brutto,Platinum,44460.0,0.77,Attrited Customer
686495650,46,female,5,Post-Graduate,Unknown,21015 zł brutto,Platinum,44460.0,0.55,Attrited Customer
712532713,51,female,2,Uneducated,Unknown,2572 zł brutto,White,3750.0,0.62,Attrited Customer
794817871,29,female,3,Professor,Married,12323 zł brutto,Gold,24600.0,0.02,Existing Customer
661119396,23,male,1,Uneducated,Married,20131 zł brutto,Platinum,44460.0,1.0,Attrited Customer
314308749,22,male,4,Post-Graduate,Unknown,27777 zł brutto,Platinum,44460.0,0.27,Attrited Customer
227950428,41,female,5,Unknown,Single,13715 zł brutto,Gold,24600.0,0.34,Existing Customer
807481444,28,male,2,Graduate,Single,8827 zł brutto,Silver,13650.0,0.2,Existing Customer
204306309,21,female,1,Unknown,Single,7664 zł brutto,Silver,13650.0,0.05,Attrited Customer
944853590,46,male,5,high school,Unknown,18484 zł brutto,Platinum,44460.0,0.23,Attrited Customer
851806760,28,female,4,Collage,Unknown,10129 zł brutto,Silver,13650.0,0.08,Attrited Customer
627036885,30,female,3,Collage,Single,25454 zł brutto,Platinum,44460.0,0.11,Existing Customer
367465963,45,male,2,Unknown,Unknown,29421 zł brutto,Platinum,44460.0,0.31,Attrited Customer
187173055,29,female,2,Graduate,Married,11255 zł brutto,Silver,13650.0,0.62,Existing Customer
788170538,50,female,5,Student,Single,17251 zł brutto,Gold,24600.0,0.98,Existing Customer
997139683,38,male,5,Graduate,Single,27702 zł brutto,Platinum,44460.0,0.98,Existing Customer
866035197,26,female,2,Post-Graduate,Unknown,13620 zł brutto,Gold,24600.0,0.13,Existing Customer
484498926,23,male,1,Uneducated,Unknown,8314 zł brutto,Silver,13650.0,0.33,Attrited Customer
432100888,39,male,2,Graduate,Married,28014 zł brutto,Platinum,44460.0,0.18,Attrited Customer
406591366,23,male,2,Professor,Unknown,23256 zł brutto,Platinum,44460.0,0.22,Attrited Customer
382672289,56,female,2,Unknown,Unknown,13250 zł brutto,Gold,24600.0,0.01,Existing Customer
624752996,41,female,1,Graduate,Married,7732 zł brutto,Silver,13650.0,0.91,Existing Customer
429522457,32,male,1,Professor,Single,7548 zł brutto,Silver,13650.0,0.19,Existing Customer
806008736,39,male,2,Professor,Single,15725 zł brutto,Gold,24600.0,0.33,Existing Customer
495447839,19,female,1,Post-Graduate,Married,11642 zł brutto,Silver,13650.0,0.17,Existing Customer
128433095,23,male,2,Graduate,Married,17025 zł brutto,Gold,24600.0,0.73,Attrited Customer
645760230,24,female,3,Unknown,Single,19753 zł brutto,Platinum,44460.0,0.24,Existing Customer
247338252,49,female,4,Graduate,Unknown,17279 zł brutto,Gold,24600.0,0.43,Existing Customer
156322762,30,male,3,Uneducated,Unknown,9951 zł brutto,Silver,13650.0,0.33,Existing Customer
576026259,20,female,2,Collage,Single,3178 zł brutto,White,3750.0,0.62,Existing Customer
272779733,27,female,1,Uneducated,Unknown,8100 zł brutto,Silver,13650.0,0.83,Attrited Customer
502609102,19,male,5,Doctorate,Married,15120 zł brutto,Gold,24600.0,0.38,Existing Customer
531011522,58,female,4,Doctorate,Married,2623 zł brutto,White,3750.0,0.78,Existing Customer
367217663,54,female,5,Graduate,Married,28105 zł brutto,Platinum,44460.0,0.58,Existing Customer
928065702,32,female,1,Unknown,Single,30061 zł brutto,Platinum,44460.0,0.71,Attrited Customer
441471227,23,female,2,Professor,Married,5665 zł brutto,Black,7900.0,0.62,Existing Customer
143908275,43,male,2,Post-Graduate,Married,19048 zł brutto,Platinum,44460.0,0.9,Existing Customer
278079927,60,female,1,Professor,Married,3097 zł brutto,White,3750.0,0.8,Existing Customer
766180820,35,male,1,Graduate,Single,12430 zł brutto,Gold,24600.0,0.64,Existing Customer
969930298,31,female,2,Professor,Married,22785 zł brutto,Platinum,44460.0,0.25,Existing Customer
328507388,28,male,4,Graduate,Unknown,5408 zł brutto,Black,7900.0,0.78,Attrited Customer
190695445,26,female,2,Uneducated,Married,31563 zł brutto,Platinum,44460.0,0.26,Existing Customer
300104857,49,male,5,Uneducated,Married,5522 zł brutto,Black,7900.0,0.89,Attrited Customer
667215828,25,male,5,Unknown,Married,30921 zł brutto,Platinum,44460.0,0.61,Existing Customer
218789464,54,female,1,Graduate,Unknown,3783 zł brutto,White,3750.0,0.61,Existing Customer
430712329,36,female,2,Post-Graduate,Unknown,17384 zł brutto,Gold,24600.0,0.07,Attrited Customer
510580457,58,male,4,Post-Graduate,Married,9063 zł brutto,Silver,13650.0,0.01,Existing Customer
781435784,59,male,5,Collage,Married,27203 zł brutto,Platinum,44460.0,0.14,Existing Customer
299714302,37,female,1,Graduate,Married,26755 zł brutto,Platinum,44460.0,0.22,Existing Customer
655282857,42,female,1,Uneducated,Unknown,29681 zł brutto,Platinum,44460.0,0.31,Existing Customer
983070472,54,female,1,Uneducated,Unknown,19305 zł brutto,Platinum,44460.0,0.89,Attrited Customer
179623211,49,male,4,Unknown,Married,9599 zł brutto,Silver,13650.0,0.3,Attrited Customer
817552535,61,female,2,Uneducated,Unknown,12278 zł brutto,Gold,24600.0,0.78,Attrited Customer
788801631,18,female,2,Uneducated,Unknown,14643 zł brutto,Gold,24600.0,0.09,Existing Customer
941358794,46,male,3,Post-Graduate,Unknown,8459 zł brutto,Silver,13650.0,0.86,Attrited Customer
468652120,31,male,2,Graduate,Married,3148 zł brutto,White,3750.0,0.21,Existing Customer
985659866,29,male,1,Post-Graduate,Married,19851 zł brutto,Platinum,44460.0,0.13,Attrited Customer
695773634,46,male,4,high school,Unknown,22024 zł brutto,Platinum,44460.0,0.31,Existing Customer
219913404,31,male,1,Collage,Single,30209 zł brutto,Platinum,44460.0,0.77,Existing Customer
279896353,48,male,3,Post-Graduate,Unknown,16539 zł brutto,Gold,24600.0,0.59,Attrited Customer
626105396,26,female,1,Unknown,Married,17041 zł brutto,Gold,24600.0,0.96,Attrited Customer
274680010,54,female,5,Uneducated,Single,11878 zł brutto,Silver,13650.0,0.47,Attrited Customer
176491914,18,female,5,Uneducated,Single,27052 zł brutto,Platinum,44460.0,0.48,Attrited Customer
414305699,32,female,4,Doctorate,Unknown,28350 zł brutto,Platinum,44460.0,0.72,Existing Customer
343386693,28,male,5,high school,Single,21316 zł brutto,Platinum,44460.0,0.38,Existing Customer
990398950,22,female,5,Professor,Unknown,12161 zł brutto,Gold,24600.0,0.75,Attrited Customer
509150683,23,female,2,Doctorate,Married,30099 zł brutto,Platinum,44460.0,0.95,Attrited Customer
695581764,24,male,3,Uneducated,Married,5740 zł brutto,Black,7900.0,0.94,Existing Customer
165156376,28,male,5,high school,Single,4650 zł brutto,White,3750.0,0.53,Existing Customer
117181369,57,male,1,Student,Single,31182 zł brutto,Platinum,44460.0,0.82,Attrited Customer
689276286,63,female,1,Post-Graduate,Unknown,4641 zł brutto,White,3750.0,0.26,Attrited Customer
224847356,31,female,3,Doctorate,Married,6620 zł brutto,Black,7900.0,0.95,Existing Customer
180872809,29,female,2,Student,Unknown,28932 zł brutto,Platinum,44460.0,0.2,Existing Customer
183407410,47,female,4,Graduate,Married,4519 zł brutto,White,3750.0,0.06,Attrited Customer
754082896,44,female,1,Uneducated,Single,10120 zł brutto,Silver,13650.0,0.2,Existing Customer
943595308,44,male,3,Collage,Single,7086 zł brutto,Black,7900.0,0.49,Existing Customer
929000535,58,male,2,Professor,Unknown,22836 zł brutto,Platinum,44460.0,0.33,Attrited Customer
565872145,25,female,4,Unknown,Single,12952 zł brutto,Gold,24600.0,0.43,Existing Customer
966117158,49,male,3,Student,Unknown,27662 zł brutto,Platinum,44460.0,0.53,Existing Customer
189778869,38,male,2,Student,Single,16581 zł brutto,Gold,24600.0,0.48,Attrited Customer
875629840,36,female,2,Collage,Married,8658 zł brutto,Silver,13650.0,0.68,Existing Customer
748961160,39,female,3,Professor,Unknown,23260 zł brutto,Platinum,44460.0,0.16,Existing Customer
782186552,45,female,3,Doctorate,Married,5503 zł brutto,Black,7900.0,0.3,Attrited Customer
598951291,49,male,3,Professor,Married,29485 zł brutto,Platinum,44460.0,0.51,Existing Customer
482293836,54,female,4,Post-Graduate,Unknown,15324 zł brutto,Gold,24600.0,0.21,Existing Customer
968052168,63,male,5,Unknown,Unknown,28662 zł brutto,Platinum,44460.0,0.83,Attrited Customer
667933134,23,female,1,Unknown,Married,4778 zł brutto,White,3750.0,0.66,Existing Customer
302218916,49,female,5,high school,Married,21344 zł brutto,Platinum,44460.0,0.45,Existing Customer
960488634,34,male,4,Uneducated,Single,13574 zł brutto,Gold,24600.0,0.5,Attrited Customer
567656694,21,male,1,Student,Single,19531 zł brutto,Platinum,44460.0,1.0,Attrited Customer
466130366,44,female,5,Student,Single,8556 zł brutto,Silver,13650.0,0.34,Existing Customer
309038742,19,female,1,Uneducated,Single,17095 zł brutto,Gold,24600.0,0.49,Attrited Customer
483317579,19,male,5,high school,Married,22507 zł brutto,Platinum,44460.0,0.97,Attrited Customer
880816321,60,male,5,Professor,Single,7466 zł brutto,Black,7900.0,0.06,Existing Customer
879348930,31,male,1,Post-Graduate,Married,16605 zł brutto,Gold,24600.0,0.32,Attrited Customer
268401958,41,female,5,Post-Graduate,Single,11335 zł brutto,Silver,13650.0,0.37,Attrited Customer
364042265,48,male,1,Doctorate,Single,7370 zł brutto,Black,7900.0,0.36,Attrited Customer
841178598,50,female,5,high school,Married,5551 zł brutto,Black,7900.0,0.22,Existing Customer
238641671,51,female,5,Doctorate,Single,3839 zł brutto,White,3750.0,0.1,Existing Customer
314924411,41,male,3,Student,Married,20527 zł brutto,Platinum,44460.0,0.8,Attrited Customer
616876007,39,female,1,high school,Single,11848 zł brutto,Silver,13650.0,0.85,Attrited Customer
305070063,38,female,5,Doctorate,Married,27494 zł brutto,Platinum,44460.0,0.44,Existing Customer
428906175,27,female,4,Post-Graduate,Married,24533 zł brutto,Platinum,44460.0,0.53,Existing Customer
159718661,42,male,5,Student,Unknown,6299 zł brutto,Black,7900.0,0.38,Attrited Customer
943016658,33,female,1,Graduate,Unknown,5542 zł brutto,Black,7900.0,0.72,Attrited Customer
361259979,45,female,3,Collage,Married,6989 zł brutto,Black,7900.0,0.17,Existing Customer
520835187,60,female,2,Uneducated,Single,27400 zł brutto,Platinum,44460.0,0.81,Attrited Customer
572500776,29,female,5,Uneducated,Married,5305 zł brutto,Black,7900.0,0.29,Existing Customer
653259701,51,male,5,Graduate,Married,8929 zł brutto,Silver,13650.0,0.14,Existing Customer
356017577,25,male,2,Professor,Married,10946 zł brutto,Silver,13650.0,0.79,Attrited Customer
621631804,49,female,3,Uneducated,Single,29941 zł brutto,Platinum,44460.0,0.18,Existing Customer
842905232,24,female,3,Student,Married,14114 zł brutto,Gold,24600.0,0.66,Attrited Customer
982689494,36,male,3,Unknown,Unknown,27570 zł brutto,Platinum,44460.0,0.93,Existing Customer
411026916,46,female,2,Graduate,Married,13583 zł brutto,Gold,24600.0,0.98,Existing Customer
639247801,62,female,3,Uneducated,Unknown,8742 zł brutto,Silver,13650.0,0.11,Attrited Customer
608894696,45,male,4,Graduate,Unknown,30434 zł brutto,Platinum,44460.0,0.94,Attrited Customer
625622700,38,female,4,Graduate,Unknown,28930 zł brutto,Platinum,44460.0,0.23,Attrited Customer
904407738,50,male,5,Graduate,Single,13511 zł brutto,Gold,24600.0,0.32,Existing Customer
683587297,51,female,5,Post-Graduate,Single,11782 zł brutto,Silver,13650.0,0.74,Attrited Customer
889854631,20,male,1,high school,Unknown,5343 zł brutto,Black,7900.0,0.95,Attrited Customer
385554025,63,female,5,Post-Graduate,Unknown,5101 zł brutto,Black,7900.0,0.69,Existing Customer
166092342,27,female,5,Student,Unknown,22830 zł brutto,Platinum,44460.0,0.65,Attrited Customer
459155439,48,male,4,Doctorate,Married,16682 zł brutto,Gold,24600.0,0.52,Attrited Customer
396471929,27,female,2,Doctorate,Unknown,8263 zł brutto,Silver,13650.0,0.08,Attrited Customer
870693609,20,female,2,Doctorate,Unknown,22132 zł brutto,Platinum,44460.0,0.35,Attrited Customer
385358480,42,female,2,high school,Single,17209 zł brutto,Gold,24600.0,0.55,Attrited Customer
325564662,41,male,2,Unknown,Unknown,17435 zł brutto,Gold,24600.0,0.73,Existing Customer
652791630,52,female,5,Student,Unknown,26484 zł brutto,Platinum,44460.0,0.53,Existing Customer
492218693,43,male,2,Doctorate,Single,14938 zł brutto,Gold,24600.0,0.47,Attrited Customer
967096769,30,female,5,Student,Married,9065 zł brutto,Silver,13650.0,0.85,Existing Customer
893882100,51,male,3,Collage,Unknown,10589 zł brutto,Silver,13650.0,0.58,Attrited Customer
415928022,33,female,5,Collage,Married,7177 zł brutto,Black,7900.0,0.32,Attrited Customer
583666978,60,female,4,Graduate,Married,3728 zł brutto,White,3750.0,0.63,Existing Customer
968852503,34,male,3,Post-Graduate,Unknown,12942 zł brutto,Gold,24600.0,0.36,Existing Customer
550268091,34,male,5,Doctorate,Married,31555 zł brutto,Platinum,44460.0,0.68,Attrited Customer
817720033,20,male,4,Post-Graduate,Single,21400 zł brutto,Platinum,44460.0,0.7,Attrited Customer
620551147,26,male,1,Collage,Unknown,8281 zł brutto,Silver,13650.0,0.91,Existing Customer
875220572,58,male,2,high school,Unknown,21911 zł brutto,Platinum,44460.0,0.39,Attrited Customer
858145049,41,female,5,Professor,Married,27800 zł brutto,Platinum,44460.0,0.59,Existing Customer
458887963,26,female,4,Professor,Married,15990 zł brutto,Gold,24600.0,0.82,Existing Customer
957615278,22,male,1,Post-Graduate,Married,23217 zł brutto,Platinum,44460.0,0.32,Existing Customer
120490256,33,male,4,Uneducated,Married,11479 zł brutto,Silver,13650.0,0.99,Existing Customer
251326858,19,male,2,Student,Married,31672 zł brutto,Platinum,44460.0,0.06,Existing Customer
665316969,60,female,2,high school,Married,21407 zł brutto,Platinum,44460.0,0.15,Existing Customer
579783878,56,male,3,Post-Graduate,Married,6851 zł brutto,Black,7900.0,0.79,Attrited Customer
948106514,53,female,2,Professor,Single,11755 zł brutto,Silver,13650.0,0.26,Existing Customer
176064601,31,male,1,Post-Graduate,Married,26941 zł brutto,Platinum,44460.0,0.18,Existing Customer
688109293,47,male,4,Student,Married,16187 zł brutto,Gold,24600.0,0.78,Existing Customer
907778664,50,female,5,Collage,Unknown,29315 zł brutto,Platinum,44460.0,0.86,Existing Customer
217350652,59,female,5,Uneducated,Single,19863 zł brutto,Platinum,44460.0,0.1,Existing Customer
881584256,28,female,4,Uneducated,Single,15508 zł brutto,Gold,24600.0,0.22,Attrited Customer
641852153,51,male,4,Graduate,Single,6939 zł brutto,Black,7900.0,0.89,Attrited Customer
675430645,38,female,1,Unknown,Single,21932 zł brutto,Platinum,44460.0,0.98,Existing Customer
362241674,20,female,3,high school,Unknown,13030 zł brutto,Gold,24600.0,0.21,Existing Customer
427779843,45,male,3,Student,Married,20586 zł brutto,Platinum,44460.0,0.67,Attrited Customer
448749509,25,female,4,Doctorate,Single,19153 zł brutto,Platinum,44460.0,0.84,Attrited Customer
833275997,36,female,5,high school,Unknown,8417 zł brutto,Silver,13650.0,0.98,Attrited Customer
378537266,49,male,4,Doctorate,Unknown,20814 zł brutto,Platinum,44460.0,0.39,Attrited Customer
188881678,33,female,2,Graduate,Unknown,28501 zł brutto,Platinum,44460.0,0.72,Existing Customer
497206462,37,male,5,Unknown,Unknown,24110 zł brutto,Platinum,44460.0,0.62,Existing Customer
896062277,31,male,1,high school,Married,6465 zł brutto,Black,7900.0,0.0,Attrited Customer
956680182,48,male,4,Professor,Single,25737 zł brutto,Platinum,44460.0,0.4,Existing Customer
167067252,31,female,3,Collage,Single,24767 zł brutto,Platinum,44460.0,0.01,Existing Customer
483519757,54,male,3,Collage,Married,13939 zł brutto,Gold,24600.0,0.83,Attrited Customer
527871980,37,female,1,high school,Single,6389 zł brutto,Black,7900.0,0.53,Attrited Customer
890331970,36,male,1,Collage,Single,19323 zł brutto,Platinum,44460.0,0.51,Attrited Customer
896867998,36,male,4,Collage,Single,12674 zł brutto,Gold,24600.0,0.8,Existing Customer
391124000,21,male,4,Collage,Married,26635 zł brutto,Platinum,44460.0,0.45,Attrited Customer
102998004,32,male,4,Professor,Unknown,16702 zł brutto,Gold,24600.0,0.57,Attrited Customer
241718691,50,female,4,high school,Single,23243 zł brutto,Platinum,44460.0,0.42,Existing Customer
553305654,37,male,1,Professor,Unknown,24670 zł brutto,Platinum,44460.0,0.72,Attrited Customer
159529675,25,male,4,Professor,Married,30038 zł brutto,Platinum,44460.0,0.18,Attrited Customer
222561373,47,male,5,Post-Graduate,Single,11643 zł brutto,Silver,13650.0,0.83,Attrited Customer
527869505,26,male,5,Collage,Married,6512 zł brutto,Black,7900.0,0.07,Existing Customer
427362811,21,female,5,Graduate,Married,5841 zł brutto,Black,7900.0,0.47,Attrited Customer
903479683,32,male,4,Unknown,Unknown,12026 zł brutto,Gold,24600.0,0.56,Existing Customer
142374434,38,male,2,Collage,Married,11954 zł brutto,Silver,13650.0,0.49,Existing Customer
987558732,19,female,4,Post-Graduate,Unknown,25591 zł brutto,Platinum,44460.0,0.42,Attrited Customer
443609982,42,male,1,high school,Married,28434 zł brutto,Platinum,44460.0,0.21,Attrited Customer
812592760,32,male,3,Professor,Unknown,25587 zł brutto,Platinum,44460.0,0.72,Attrited Customer
347214176,31,female,4,Graduate,Married,10877 zł brutto,Silver,13650.0,0.7,Existing Customer
656614620,20,male,5,Unknown,Unknown,10736 zł brutto,Silver,13650.0,0.21,Attrited Customer
546292259,22,male,2,high school,Unknown,13867 zł brutto,Gold,24600.0,0.83,Existing Customer
764826169,43,female,1,Professor,Single,11970 zł brutto,Silver,13650.0,0.29,Attrited Customer
188032610,32,female,3,Student,Married,18428 zł brutto,Platinum,44460.0,0.42,Existing Customer
393079885,34,male,1,Unknown,Single,3874 zł brutto,White,3750.0,0.85,Attrited Customer
473009825,47,female,1,Professor,Married,20743 zł brutto,Platinum,44460.0,0.7,Attrited Customer
483266937,25,male,2,Graduate,Married,23803 zł brutto,Platinum,44460.0,0.14,Attrited Customer
753484179,59,female,3,Uneducated,Single,29149 zł brutto,Platinum,44460.0,0.32,Existing Customer
167649280,59,male,1,Graduate,Unknown,20915 zł brutto,Platinum,44460.0,0.67,Existing Customer
500287635,60,male,3,Collage,Single,9281 zł brutto,Silver,13650.0,0.69,Existing Customer
925086231,24,female,2,high school,Unknown,10096 zł brutto,Silver,13650.0,0.89,Existing Customer
238076677,30,female,5,high school,Unknown,20091 zł brutto,Platinum,44460.0,0.32,Existing Customer
465346215,28,female,3,Professor,Unknown,20626 zł brutto,Platinum,44460.0,0.91,Attrited Customer
893797153,36,female,5,Student,Single,26620 zł brutto,Platinum,44460.0,0.78,Existing Customer
975928329,18,male,3,Graduate,Married,9164 zł brutto,Silver,13650.0,0.68,Existing Customer
699584407,44,male,2,Student,Married,24463 zł brutto,Platinum,44460.0,0.32,Attrited Customer
425309913,41,male,5,Unknown,Married,29672 zł brutto,Platinum,44460.0,0.22,Existing Customer
996425686,23,male,2,Graduate,Married,10662 zł brutto,Silver,13650.0,0.77,Attrited Customer
273291260,37,male,3,Uneducated,Married,25417 zł brutto,Platinum,44460.0,0.76,Existing Customer
839011018,61,female,3,Collage,Single,18213 zł brutto,Platinum,44460.0,0.83,Existing Customer
555638647,43,female,3,Graduate,Married,28336 zł brutto,Platinum,44460.0,0.87,Existing Customer
564465714,37,female,2,Uneducated,Single,15914 zł brutto,Gold,24600.0,0.68,Attrited Customer
957175232,48,female,1,Doctorate,Single,20680 zł brutto,Platinum,44460.0,0.41,Attrited Customer
716424448,29,male,1,Unknown,Married,25693 zł brutto,Platinum,44460.0,0.53,Existing Customer
562884230,21,female,1,Graduate,Single,30992 zł brutto,Platinum,44460.0,0.07,Existing Customer
469619824,46,male,1,Graduate,Single,11928 zł brutto,Silver,13650.0,0.76,Existing Customer
866895951,30,male,2,Uneducated,Unknown,27192 zł brutto,Platinum,44460.0,0.52,Existing Customer
707119235,56,male,2,Uneducated,Unknown,19813 zł brutto,Platinum,44460.0,0.27,Attrited Customer
836715337,40,male,3,Uneducated,Married,23123 zł brutto,Platinum,44460.0,0.36,Attrited Customer
214844718,49,male,5,Student,Unknown,12356 zł brutto,Gold,24600.0,0.78,Attrited Customer
452392895,33,male,5,Graduate,Single,7706 zł brutto,Silver,13650.0,0.38,Existing Customer
986338223,54,male,1,Uneducated,Unknown,14406 zł brutto,Gold,24600.0,0.21,Attrited Customer
847161796,28,female,2,high school,Single,27267 zł brutto,Platinum,44460.0,0.24,Attrited Customer
643736250,47,female,4,Graduate,Married,21842 zł brutto,Platinum,44460.0,0.22,Attrited Customer
143923202,23,male,3,Student,Married,8040 zł brutto,Silver,13650.0,0.4,Attrited Customer
349941453,53,male,5,Uneducated,Married,15366 zł brutto,Gold,24600.0,0.54,Attrited Customer
192359926,20,female,5,Unknown,Married,25387 zł brutto,Platinum,44460.0,0.7,Attrited Customer
720499482,22,male,1,Uneducated,Unknown,15915 zł brutto,Gold,24600.0,0.82,Attrited Customer
551192632,47,female,1,Unknown,Single,5499 zł brutto,Black,7900.0,0.61,Attrited Customer
478129946,19,female,3,Graduate,Married,20180 zł brutto,Platinum,44460.0,0.75,Attrited Customer
150337572,27,female,5,Professor,Single,16344 zł brutto,Gold,24600.0,0.17,Existing Customer
399743718,60,male,1,Collage,Single,22606 zł brutto,Platinum,44460.0,0.86,Attrited Customer
811834853,54,female,3,Doctorate,Unknown,30373 zł brutto,Platinum,44460.0,0.81,Attrited Customer
246547226,20,male,1,Post-Graduate,Married,2682 zł brutto,White,3750.0,0.44,Attrited Customer
521579249,56,female,4,Student,Unknown,30706 zł brutto,Platinum,44460.0,0.43,Attrited Customer
861525397,22,female,3,high school,Single,20288 zł brutto,Platinum,44460.0,0.89,Existing Customer
990151655,37,female,5,Uneducated,Married,13631 zł brutto,Gold,24600.0,0.59,Attrited Customer
762067542,45,female,4,Uneducated,Single,3069 zł brutto,White,3750.0,0.33,Existing Customer
779189039,24,female,3,Unknown,Single,30093 zł brutto,Platinum,44460.0,0.1,Attrited Customer
877825951,34,male,4,Doctorate,Married,11290 zł brutto,Silver,13650.0,0.59,Existing Customer
266879997,63,female,1,Graduate,Single,31218 zł brutto,Platinum,44460.0,0.39,Attrited Customer
171796181,34,male,3,Unknown,Single,28362 zł brutto,Platinum,44460.0,0.1,Attrited Customer
798336953,57,male,4,Uneducated,Unknown,15994 zł brutto,Gold,24600.0,0.55,Attrited Customer
475447759,27,female,1,Collage,Single,20601 zł brutto,Platinum,44460.0,0.82,Existing Customer
273301989,40,male,3,Collage,Single,9967 zł brutto,Silver,13650.0,0.64,Attrited Customer
617574952,36,male,5,Post-Graduate,Married,22747 zł brutto,Platinum,44460.0,0.17,Existing Customer
526209687,28,male,1,high school,Single,11812 zł brutto,Silver,13650.0,0.86,Attrited Customer
777281588,36,female,2,high school,Unknown,26999 zł brutto,Platinum,44460.0,0.18,Attrited Customer
889070649,18,male,5,Uneducated,Unknown,3188 zł brutto,White,3750.0,0.07,Existing Customer
504028669,28,female,2,Doctorate,Married,21112 zł brutto,Platinum,44460.0,0.29,Attrited Customer
902158456,57,female,4,Graduate,Married,21284 zł brutto,Platinum,44460.0,0.88,Existing Customer
477738528,47,male,5,Professor,Married,11065 zł brutto,Silver,13650.0,0.88,Existing Customer
716800277,36,female,4,Collage,Married,8674 zł brutto,Silver,13650.0,0.71,Existing Customer
197941453,52,female,1,high school,Unknown,21908 zł brutto,Platinum,44460.0,0.27,Existing Customer
935363322,33,female,2,high school,Married,2994 zł brutto,White,3750.0,0.37,Existing Customer
108703267,34,male,2,Post-Graduate,Married,25556 zł brutto,Platinum,44460.0,0.01,Attrited Customer
464345104,47,female,5,Student,Married,19851 zł brutto,Platinum,44460.0,0.44,Attrited Customer
674820383,31,male,1,Student,Single,27758 zł brutto,Platinum,44460.0,0.84,Attrited Customer
937648310,44,male,5,Unknown,Unknown,24994 zł brutto,Platinum,44460.0,0.97,Existing Customer
202171451,53,male,3,Graduate,Single,2758 zł brutto,White,3750.0,0.97,Existing Customer
132543258,21,male,5,Professor,Married,20969 zł brutto,Platinum,44460.0,0.04,Existing Customer
185798686,43,male,4,high school,Single,13080 zł brutto,Gold,24600.0,0.07,Attrited Customer
307593675,45,male,2,Post-Graduate,Married,19804 zł brutto,Platinum,44460.0,0.87,Attrited Customer
486382636,62,female,4,Student,Single,8597 zł brutto,Silver,13650.0,0.15,Existing Customer
675076887,24,female,4,Graduate,Married,9249 zł brutto,Silver,13650.0,0.3,Existing Customer
162448040,39,female,4,Post-Graduate,Unknown,9500 zł brutto,Silver,13650.0,0.51,Attrited Customer
216200576,25,female,4,Graduate,Married,13899 zł brutto,Gold,24600.0,0.33,Attrited Customer
402378143,42,female,5,Unknown,Married,6276 zł brutto,Black,7900.0,0.74,Existing Customer
196701279,49,male,1,Student,Single,6103 zł brutto,Black,7900.0,0.78,Existing Customer
784417277,43,female,2,Graduate,Married,12602 zł brutto,Gold,24600.0,0.03,Existing Customer
129700573,55,female,4,Collage,Single,14235 zł brutto,Gold,24600.0,0.42,Attrited Customer
267652727,36,female,4,Uneducated,Unknown,21490 zł brutto,Platinum,44460.0,0.5,Existing Customer
999802029,56,male,2,Post-Graduate,Married,3495 zł brutto,White,3750.0,0.45,Existing Customer
843492328,19,female,2,Professor,Single,28891 zł brutto,Platinum,44460.0,0.46,Existing Customer
237749485,21,male,2,Unknown,Unknown,27728 zł brutto,Platinum,44460.0,0.6,Attrited Customer
977855678,24,female,3,Doctorate,Single,20577 zł brutto,Platinum,44460.0,0.1,Existing Customer
689181997,28,female,3,Graduate,Married,31929 zł brutto,Platinum,44460.0,0.45,Existing Customer
195442954,36,female,4,Unknown,Married,14282 zł brutto,Gold,24600.0,0.32,Existing Customer
883453906,63,male,2,Graduate,Married,28869 zł brutto,Platinum,44460.0,0.04,Existing Customer
937776006,60,male,4,Uneducated,Unknown,13105 zł brutto,Gold,24600.0,0.42,Attrited Customer
672280856,28,female,3,Doctorate,Unknown,28451 zł brutto,Platinum,44460.0,0.06,Existing Customer
953927130,48,female,2,high school,Unknown,10177 zł brutto,Silver,13650.0,0.15,Existing Customer
768102272,26,male,2,Graduate,Married,2797 zł brutto,White,3750.0,0.19,Attrited Customer
410276093,43,female,1,high school,Unknown,3467 zł brutto,White,3750.0,0.84,Existing Customer
448708197,62,female,1,Professor,Single,12316 zł brutto,Gold,24600.0,0.15,Existing Customer
621847275,22,female,1,Professor,Married,31230 zł brutto,Platinum,44460.0,0.36,Attrited Customer
609943278,30,female,4,Graduate,Married,6631 zł brutto,Black,7900.0,0.59,Existing Customer
342192946,38,female,1,Professor,Unknown,17199 zł brutto,Gold,24600.0,0.24,Attrited Customer
797586004,24,female,5,Unknown,Married,4274 zł brutto,White,3750.0,0.62,Attrited Customer
682704488,37,female,4,high school,Married,19646 zł brutto,Platinum,44460.0,0.59,Attrited Customer
851645199,18,male,1,Student,Married,27414 zł brutto,Platinum,44460.0,0.72,Attrited Customer
975218319,45,male,2,Post-Graduate,Unknown,21135 zł brutto,Platinum,44460.0,0.34,Attrited Customer
857724755,43,female,1,Uneducated,Married,19502 zł brutto,Platinum,44460.0,0.49,Attrited Customer
949696239,52,male,4,Uneducated,Unknown,28583 zł brutto,Platinum,44460.0,0.07,Existing Customer
527310714,60,male,1,Unknown,Unknown,28107 zł brutto,Platinum,44460.0,0.72,Existing Customer
143560996,54,male,1,Professor,Married,29120 zł brutto,Platinum,44460.0,0.31,Existing Customer
191277252,43,female,5,Student,Unknown,27857 zł brutto,Platinum,44460.0,0.38,Attrited Customer
324024595,57,female,5,Graduate,Unknown,29041 zł brutto,Platinum,44460.0,0.33,Existing Customer
261473237,46,male,1,Student,Unknown,22455 zł brutto,Platinum,44460.0,0.5,Existing Customer
639209168,62,male,4,Professor,Single,28682 zł brutto,Platinum,44460.0,0.78,Attrited Customer
149019614,63,male,1,Student,Married,7035 zł brutto,Black,7900.0,0.86,Attrited Customer
779108782,50,male,3,Collage,Unknown,16811 zł brutto,Gold,24600.0,0.29,Attrited Customer
291240903,37,male,5,Collage,Single,10496 zł brutto,Silver,13650.0,0.22,Attrited Customer
708198819,62,male,1,Collage,Unknown,3017 zł brutto,White,3750.0,0.52,Attrited Customer
892001922,22,female,3,high school,Single,29184 zł brutto,Platinum,44460.0,0.54,Attrited Customer
377107300,62,female,5,Doctorate,Single,20334 zł brutto,Platinum,44460.0,0.37,Existing Customer
958726478,60,male,2,Post-Graduate,Unknown,27319 zł brutto,Platinum,44460.0,0.6,Existing Customer
364150872,41,female,1,Collage,Married,2892 zł brutto,White,3750.0,0.38,Existing Customer
422268374,53,male,1,high school,Unknown,18930 zł brutto,Platinum,44460.0,0.62,Attrited Customer
387198873,32,male,4,Student,Single,20365 zł brutto,Platinum,44460.0,0.28,Existing Customer
429981334,21,female,2,Uneducated,Married,14955 zł brutto,Gold,24600.0,0.53,Existing Customer
220456519,30,female,1,Graduate,Single,27984 zł brutto,Platinum,44460.0,0.16,Attrited Customer
526929655,51,female,5,Doctorate,Married,15668 zł brutto,Gold,24600.0,0.66,Attrited Customer
952075438,23,male,5,Student,Single,28013 zł brutto,Platinum,44460.0,0.52,Existing Customer
338433507,49,female,3,high school,Married,12980 zł brutto,Gold,24600.0,0.2,Attrited Customer
929580857,49,female,1,Student,Unknown,23930 zł brutto,Platinum,44460.0,0.64,Attrited Customer
972518041,47,female,5,Professor,Unknown,27091 zł brutto,Platinum,44460.0,0.22,Attrited Customer
549740823,42,male,2,high school,Unknown,4730 zł brutto,White,3750.0,0.98,Attrited Customer
320295564,24,female,2,Doctorate,Married,17935 zł brutto,Gold,24600.0,0.14,Existing Customer
204376305,46,female,2,high school,Married,13801 zł brutto,Gold,24600.0,0.41,Attrited Customer
935189776,55,male,3,Doctorate,Single,12649 zł brutto,Gold,24600.0,0.77,Attrited Customer
518988378,30,male,2,Professor,Married,14464 zł brutto,Gold,24600.0,0.78,Attrited Customer
199059123,27,male,5,Professor,Unknown,28486 zł brutto,Platinum,44460.0,0.91,Existing Customer
390151854,35,female,3,Uneducated,Single,12381 zł brutto,Gold,24600.0,0.81,Existing Customer
631754117,45,female,2,Post-Graduate,Married,16162 zł brutto,Gold,24600.0,0.01,Attrited Customer
777683911,31,female,2,high school,Married,21668 zł brutto,Platinum,44460.0,0.44,Attrited Customer
809514903,23,male,3,Uneducated,Married,28816 zł brutto,Platinum,44460.0,0.63,Existing Customer
831498439,29,female,2,Collage,Married,22973 zł brutto,Platinum,44460.0,0.44,Attrited Customer
124963191,36,male,3,Graduate,Unknown,17915 zł brutto,Gold,24600.0,0.12,Existing Customer
428664906,43,male,1,high school,Unknown,15889 zł brutto,Gold,24600.0,0.92,Existing Customer
936702748,38,male,4,Graduate,Married,8624 zł brutto,Silver,13650.0,0.79,Attrited Customer
794592044,52,male,5,Post-Graduate,Unknown,3092 zł brutto,White,3750.0,0.07,Attrited Customer
118272285,62,female,2,high school,Unknown,26156 zł brutto,Platinum,44460.0,0.8,Existing Customer
394886637,39,female,3,Student,Unknown,13294 zł brutto,Gold,24600.0,0.97,Attrited Customer
975969702,28,male,5,Doctorate,Single,4217 zł brutto,White,3750.0,0.02,Existing Customer
469761585,47,male,3,Doctorate,Unknown,10383 zł brutto,Silver,13650.0,0.62,Attrited Customer
831157109,60,female,1,Professor,Unknown,3149 zł brutto,White,3750.0,0.61,Attrited Customer
392671752,28,female,3,high school,Unknown,14588 zł brutto,Gold,24600.0,0.14,Existing Customer
350356408,51,male,1,Student,Married,19233 zł brutto,Platinum,44460.0,0.83,Existing Customer
815669695,62,male,4,Graduate,Single,18664 zł brutto,Platinum,44460.0,0.48,Existing Customer
391140248,27,female,3,Collage,Unknown,19113 zł brutto,Platinum,44460.0,0.17,Attrited Customer
141272247,29,male,3,Post-Graduate,Married,10155 zł brutto,Silver,13650.0,0.78,Attrited Customer
825036273,58,female,1,Unknown,Unknown,30449 zł brutto,Platinum,44460.0,0.39,Attrited Customer
549263887,52,male,1,Unknown,Single,3810 zł brutto,White,3750.0,0.31,Existing Customer
259522824,20,female,1,high school,Single,31937 zł brutto,Platinum,44460.0,0.11,Attrited Customer
891266613,25,female,1,Post-Graduate,Married,28249 zł brutto,Platinum,44460.0,0.75,Existing Customer
270211518,20,male,5,Uneducated,Unknown,18932 zł brutto,Platinum,44460.0,0.77,Existing Customer
331521615,37,male,1,Uneducated,Unknown,10883 zł brutto,Silver,13650.0,0.52,Attrited Customer
393881895,36,female,4,Unknown,Unknown,20276 zł brutto,Platinum,44460.0,0.64,Attrited Customer
603908448,60,female,3,Doctorate,Married,26449 zł brutto,Platinum,44460.0,0.55,Existing Customer
609239902,19,female,3,Student,Single,28204 zł brutto,Platinum,44460.0,0.45,Attrited Customer
824767093,20,female,1,Unknown,Single,6633 zł brutto,Black,7900.0,0.44,Attrited Customer
356921489,60,male,2,Professor,Unknown,29993 zł brutto,Platinum,44460.0,0.75,Existing Customer
438190626,25,female,1,Graduate,Unknown,27442 zł brutto,Platinum,44460.0,0.42,Attrited Customer
603335703,53,male,1,Post-Graduate,Single,4995 zł brutto,White,3750.0,0.8,Existing Customer
370652459,43,female,1,Professor,Single,19765 zł brutto,Platinum,44460.0,0.46,Existing Customer
944068665,25,male,4,high school,Married,14424 zł brutto,Gold,24600.0,0.25,Attrited Customer
130331173,55,male,4,Uneducated,Married,27211 zł brutto,Platinum,44460.0,0.59,Existing Customer
526984809,35,female,5,Graduate,Unknown,3068 zł brutto,White,3750.0,0.66,Existing Customer
280310977,38,female,4,Graduate,Married,4295 zł brutto,White,3750.0,0.49,Existing Customer
277354270,59,female,5,Collage,Married,9290 zł brutto,Silver,13650.0,0.21,Attrited Customer
352507425,20,female,5,Post-Graduate,Single,19724 zł brutto,Platinum,44460.0,0.42,Existing Customer
883564660,40,female,2,Uneducated,Single,18247 zł brutto,Platinum,44460.0,0.68,Attrited Customer
942210311,21,male,3,Post-Graduate,Unknown,19114 zł brutto,Platinum,44460.0,0.05,Attrited Customer
846350273,62,male,3,Post-Graduate,Married,3778 zł brutto,White,3750.0,0.98,Existing Customer
947286504,49,female,4,Doctorate,Unknown,17483 zł brutto,Gold,24600.0,0.96,Existing Customer
880466239,44,female,5,Post-Graduate,Married,21883 zł brutto,Platinum,44460.0,0.2,Attrited Customer
843735141,24,female,3,Doctorate,Single,22925 zł brutto,Platinum,44460.0,0.92,Existing Customer
100297818,39,female,5,Unknown,Married,27924 zł brutto,Platinum,44460.0,0.63,Existing Customer
263035354,27,male,3,Graduate,Unknown,11985 zł brutto,Silver,13650.0,0.27,Attrited Customer
436081473,20,male,5,high school,Married,4523 zł brutto,White,3750.0,0.55,Existing Customer
813887877,20,female,1,Collage,Married,26276 zł brutto,Platinum,44460.0,0.69,Existing Customer
453212004,30,male,2,Uneducated,Single,19936 zł brutto,Platinum,44460.0,0.94,Attrited Customer
424948972,29,female,1,Professor,Married,9460 zł brutto,Silver,13650.0,0.4,Existing Customer
240495821,25,male,5,Graduate,Single,23532 zł brutto,Platinum,44460.0,0.2,Existing Customer
866635990,19,male,2,Unknown,Unknown,3662 zł brutto,White,3750.0,0.46,Existing Customer
549612474,60,female,5,Graduate,Single,31548 zł brutto,Platinum,44460.0,0.29,Attrited Customer
377553035,60,male,5,Post-Graduate,Unknown,30257 zł brutto,Platinum,44460.0,0.71,Existing Customer
202094425,27,female,5,Uneducated,Single,11855 zł brutto,Silver,13650.0,0.33,Attrited Customer
945400649,52,male,4,Student,Married,27600 zł brutto,Platinum,44460.0,0.7,Attrited Customer
620676617,57,male,2,Uneducated,Unknown,28919 zł brutto,Platinum,44460.0,0.49,Existing Customer
244121752,49,male,5,Doctorate,Single,2915 zł brutto,White,3750.0,0.87,Existing Customer
991441642,36,female,1,Doctorate,Single,19980 zł brutto,Platinum,44460.0,0.33,Existing Customer
483036641,43,male,5,Unknown,Single,27684 zł brutto,Platinum,44460.0,0.93,Existing Customer
938507538,32,female,4,Collage,Married,5750 zł brutto,Black,7900.0,0.6,Existing Customer
642518020,25,male,1,Collage,Unknown,2545 zł brutto,White,3750.0,0.96,Existing Customer
991719130,23,female,3,Professor,Single,11557 zł brutto,Silver,13650.0,0.35,Attrited Customer
113112269,52,male,2,Student,Unknown,10667 zł brutto,Silver,13650.0,0.62,Attrited Customer
160571460,40,female,5,Collage,Single,10700 zł brutto,Silver,13650.0,0.39,Attrited Customer
824631716,28,female,4,Post-Graduate,Single,30037 zł brutto,Platinum,44460.0,0.84,Existing Customer
749087813,24,female,1,high school,Single,13414 zł brutto,Gold,24600.0,0.03,Existing Customer
845068017,25,female,5,Professor,Married,4986 zł brutto,White,3750.0,0.11,Attrited Customer
721448372,43,female,5,Collage,Unknown,24804 zł brutto,Platinum,44460.0,0.68,Attrited Customer
757702834,60,male,5,Professor,Married,26749 zł brutto,Platinum,44460.0,0.29,Existing Customer
853181080,63,male,3,Uneducated,Married,8247 zł brutto,Silver,13650.0,0.95,Attrited Customer
576014360,35,male,4,high school,Married,6647 zł brutto,Black,7900.0,0.95,Attrited Customer
608851628,57,female,1,Uneducated,Single,8849 zł brutto,Silver,13650.0,0.05,Existing Customer
876879740,35,male,4,Unknown,Single,25968 zł brutto,Platinum,44460.0,0.72,Attrited Customer
773112711,39,male,4,Graduate,Married,26350 zł brutto,Platinum,44460.0,0.41,Existing Customer
331253210,49,female,2,Unknown,Married,6013 zł brutto,Black,7900.0,0.19,Existing Customer
418698995,20,male,2,Uneducated,Unknown,30498 zł brutto,Platinum,44460.0,0.4,Existing Customer
660535941,20,female,2,Graduate,Single,26702 zł brutto,Platinum,44460.0,0.99,Attrited Customer
473787962,57,female,3,Graduate,Unknown,30681 zł brutto,Platinum,44460.0,0.49,Attrited Customer
192911865,28,female,4,Uneducated,Married,31988 zł brutto,Platinum,44460.0,0.49,Existing Customer
929491195,40,male,5,Uneducated,Married,6908 zł brutto,Black,7900.0,0.48,Existing Customer
818487398,29,female,2,Professor,Unknown,20984 zł brutto,Platinum,44460.0,0.79,Existing Customer
503944934,39,female,3,Uneducated,Unknown,4283 zł brutto,White,3750.0,0.52,Existing Customer
644281600,31,female,1,Post-Graduate,Single,8360 zł brutto,Silver,13650.0,0.3,Existing Customer
958762724,63,female,2,Unknown,Single,13005 zł brutto,Gold,24600.0,0.65,Existing Customer
129429212,50,female,5,high school,Unknown,10451 zł brutto,Silver,13650.0,0.09,Existing Customer
572899510,25,female,2,Professor,Single,20124 zł brutto,Platinum,44460.0,0.83,Existing Customer
798879236,27,male,2,Professor,Single,24440 zł brutto,Platinum,44460.0,0.44,Attrited Customer
256409376,32,female,5,Collage,Single,16699 zł brutto,Gold,24600.0,0.26,Existing Customer
282239117,33,female,5,high school,Unknown,30107 zł brutto,Platinum,44460.0,0.93,Existing Customer
202828072,33,male,3,Graduate,Unknown,31165 zł brutto,Platinum,44460.0,0.2,Existing Customer
653120518,25,male,2,Graduate,Married,21651 zł brutto,Platinum,44460.0,0.5,Existing Customer
161322236,30,female,2,Unknown,Married,28655 zł brutto,Platinum,44460.0,0.04,Existing Customer
622954439,62,female,5,Graduate,Married,3508 zł brutto,White,3750.0,0.71,Existing Customer
655810895,48,male,2,Doctorate,Married,4378 zł brutto,White,3750.0,0.83,Attrited Customer
256721617,47,female,5,Unknown,Married,15506 zł brutto,Gold,24600.0,0.25,Attrited Customer
322602167,38,female,2,Student,Single,12319 zł brutto,Gold,24600.0,0.73,Existing Customer
983426837,56,female,4,Professor,Married,28479 zł brutto,Platinum,44460.0,0.97,Attrited Customer
824131454,29,male,1,Professor,Single,23366 zł brutto,Platinum,44460.0,0.28,Existing Customer
817839816,20,female,2,Unknown,Unknown,10504 zł brutto,Silver,13650.0,0.43,Existing Customer
554677941,30,male,3,high school,Unknown,26424 zł brutto,Platinum,44460.0,0.01,Existing Customer
819985315,49,male,4,Collage,Single,2782 zł brutto,White,3750.0,0.18,Existing Customer
502585889,42,male,3,Graduate,Married,25318 zł brutto,Platinum,44460.0,0.21,Attrited Customer
723665068,57,female,2,Graduate,Unknown,10981 zł brutto,Silver,13650.0,0.34,Attrited Customer
697335756,48,male,3,Graduate,Married,16171 zł brutto,Gold,24600.0,0.8,Existing Customer
167265475,30,male,1,Doctorate,Married,26423 zł brutto,Platinum,44460.0,0.25,Existing Customer
231169550,59,female,3,Post-Graduate,Married,25788 zł brutto,Platinum,44460.0,0.3,Attrited Customer
581459600,60,male,2,Graduate,Married,12188 zł brutto,Gold,24600.0,1.0,Attrited Customer
203342770,28,female,1,high school,Unknown,12074 zł brutto,Gold,24600.0,0.46,Existing Customer
846037476,28,female,2,Doctorate,Married,9395 zł brutto,Silver,13650.0,0.58,Existing Customer
736802396,50,female,1,Uneducated,Single,30132 zł brutto,Platinum,44460.0,0.94,Existing Customer
818520014,42,female,5,Post-Graduate,Unknown,10185 zł brutto,Silver,13650.0,0.22,Attrited Customer
596974237,23,male,5,Post-Graduate,Married,20871 zł brutto,Platinum,44460.0,0.92,Existing Customer
401129886,18,male,1,Graduate,Single,28793 zł brutto,Platinum,44460.0,0.19,Existing Customer
230861835,50,female,1,Post-Graduate,Single,9583 zł brutto,Silver,13650.0,0.03,Attrited Customer
374040925,55,male,3,Post-Graduate,Married,9048 zł brutto,Silver,13650.0,0.66,Attrited Customer
156887270,33,male,2,Student,Unknown,26904 zł brutto,Platinum,44460.0,0.36,Existing Customer
638066356,62,male,5,Unknown,Unknown,15769 zł brutto,Gold,24600.0,0.29,Attrited Customer
418633920,20,male,4,Student,Unknown,9040 zł brutto,Silver,13650.0,0.24,Existing Customer
318867571,62,female,2,Post-Graduate,Single,4841 zł brutto,White,3750.0,0.56,Attrited Customer
117008355,48,female,5,Student,Unknown,20252 zł brutto,Platinum,44460.0,0.4,Existing Customer
947962158,56,female,4,Doctorate,Married,20698 zł brutto,Platinum,44460.0,0.36,Attrited Customer
946029588,37,female,2,high school,Unknown,12188 zł brutto,Gold,24600.0,0.73,Attrited Customer
360125136,41,female,4,Professor,Single,5324 zł brutto,Black,7900.0,0.55,Existing Customer
721704809,59,female,5,Doctorate,Married,7026 zł brutto,Black,7900.0,0.87,Existing Customer
746812577,23,male,2,Unknown,Single,29783 zł brutto,Platinum,44460.0,0.13,Existing Customer
211892469,18,female,3,Collage,Single,23403 zł brutto,Platinum,44460.0,0.02,Attrited Customer
467925794,44,male,3,Unknown,Single,11301 zł brutto,Silver,13650.0,0.68,Attrited Customer
589613070,60,female,2,Student,Single,29829 zł brutto,Platinum,44460.0,0.86,Existing Customer
801094855,36,male,4,Doctorate,Single,4480 zł brutto,White,3750.0,0.24,Attrited Customer
755866549,38,male,4,high school,Single,8526 zł brutto,Silver,13650.0,0.85,Existing Customer
978957729,20,female,5,Graduate,Married,14344 zł brutto,Gold,24600.0,0.64,Existing Customer
804029004,60,female,1,Doctorate,Single,28077 zł brutto,Platinum,44460.0,0.19,Existing Customer
834376524,47,female,2,Uneducated,Single,9514 zł brutto,Silver,13650.0,0.66,Existing Customer
323579691,35,female,3,high school,Married,20040 zł brutto,Platinum,44460.0,0.43,Existing Customer
759379597,58,male,3,Graduate,Married,20603 zł brutto,Platinum,44460.0,0.19,Attrited Customer
940188681,34,male,2,Uneducated,Single,14595 zł brutto,Gold,24600.0,0.64,Attrited Customer
839497844,45,male,2,Post-Graduate,Unknown,10662 zł brutto,Silver,13650.0,0.1,Existing Customer
424024657,25,male,5,high school,Unknown,15954 zł brutto,Gold,24600.0,0.09,Existing Customer
827909894,30,female,1,high school,Married,6531 zł brutto,Black,7900.0,0.1,Existing Customer
996665907,20,female,1,Student,Unknown,22935 zł brutto,Platinum,44460.0,0.09,Existing Customer
728925167,29,male,4,Unknown,Unknown,17694 zł brutto,Gold,24600.0,0.48,Existing Customer
740059608,50,female,4,Unknown,Married,11466 zł brutto,Silver,13650.0,0.33,Existing Customer
679087761,49,female,3,Doctorate,Single,16452 zł brutto,Gold,24600.0,0.94,Attrited Customer
642098037,63,male,5,Student,Unknown,16011 zł brutto,Gold,24600.0,0.93,Attrited Customer
473831153,39,female,4,Student,Unknown,7622 zł brutto,Silver,13650.0,0.64,Existing Customer
563113379,53,male,3,Unknown,Married,6872 zł brutto,Black,7900.0,0.83,Attrited Customer
944788980,32,female,1,Professor,Married,14162 zł brutto,Gold,24600.0,0.73,Existing Customer
217635393,26,male,1,Student,Single,19974 zł brutto,Platinum,44460.0,0.45,Existing Customer
122311886,62,male,2,Post-Graduate,Married,19542 zł brutto,Platinum,44460.0,0.47,Attrited Customer
476540128,20,male,5,Professor,Married,24589 zł brutto,Platinum,44460.0,0.72,Existing Customer
980686303,47,male,5,high school,Unknown,30494 zł brutto,Platinum,44460.0,0.68,Attrited Customer
183288061,51,male,3,high school,Unknown,7792 zł brutto,Silver,13650.0,0.55,Existing Customer
234449581,32,female,1,Professor,Unknown,12848 zł brutto,Gold,24600.0,0.64,Attrited Customer
412460797,44,male,1,Graduate,Unknown,17150 zł brutto,Gold,24600.0,0.75,Attrited Customer
908115515,50,female,2,Professor,Married,20440 zł brutto,Platinum,44460.0,0.24,Existing Customer
534731159,41,male,3,Unknown,Married,19017 zł brutto,Platinum,44460.0,0.76,Attrited Customer
992911660,26,male,4,high school,Single,30544 zł brutto,Platinum,44460.0,0.92,Existing Customer
440678795,30,male,5,high school,Single,13776 zł brutto,Gold,24600.0,0.86,Attrited Customer
937579300,28,female,1,Collage,Unknown,16803 zł brutto,Gold,24600.0,0.94,Attrited Customer
355875970,52,female,4,Professor,Unknown,28815 zł brutto,Platinum,44460.0,0.9,Attrited Customer
951780437,26,female,1,Doctorate,Married,6980 zł brutto,Black,7900.0,0.76,Existing Customer
650360386,41,female,1,Professor,Single,23763 zł brutto,Platinum,44460.0,0.66,Attrited Customer
223977379,32,female,4,Collage,Unknown,5952 zł brutto,Black,7900.0,0.57,Existing Customer
734247217,24,male,5,Unknown,Unknown,3436 zł brutto,White,3750.0,0.64,Attrited Customer
449278506,56,female,4,Post-Graduate,Single,9965 zł brutto,Silver,13650.0,0.91,Attrited Customer
709604458,28,female,3,Graduate,Married,17283 zł brutto,Gold,24600.0,0.48,Existing Customer
145731815,58,female,5,Post-Graduate,Single,23510 zł brutto,Platinum,44460.0,0.77,Attrited Customer
735345217,29,male,1,Post-Graduate,Single,14822 zł brutto,Gold,24600.0,0.95,Attrited Customer
257249286,26,female,3,Professor,Single,4362 zł brutto,White,3750.0,0.56,Attrited Customer
531072825,50,male,5,Collage,Single,31823 zł brutto,Platinum,44460.0,0.04,Existing Customer
577573490,52,male,4,Professor,Unknown,3374 zł brutto,White,3750.0,0.3,Attrited Customer
780963239,34,female,2,Professor,Married,17112 zł brutto,Gold,24600.0,0.77,Attrited Customer
872282704,40,female,4,Post-Graduate,Married,23195 zł brutto,Platinum,44460.0,0.56,Existing Customer
342749828,34,female,5,high school,Married,21339 zł brutto,Platinum,44460.0,0.65,Existing Customer
624375309,58,male,2,Unknown,Single,14177 zł brutto,Gold,24600.0,0.9,Existing Customer
680502201,49,female,1,Uneducated,Single,7782 zł brutto,Silver,13650.0,0.25,Existing Customer
485430953,21,male,5,Professor,Single,31137 zł brutto,Platinum,44460.0,0.16,Attrited Customer
266974727,21,male,2,Professor,Married,28380 zł brutto,Platinum,44460.0,0.58,Attrited Customer
690181800,46,male,2,Collage,Unknown,26203 zł brutto,Platinum,44460.0,0.29,Attrited Customer
369906714,45,female,1,Graduate,Married,14050 zł brutto,Gold,24600.0,0.56,Existing Customer
789603991,20,male,3,Collage,Single,27243 zł brutto,Platinum,44460.0,0.76,Attrited Customer
938844253,57,male,2,Uneducated,Married,9001 zł brutto,Silver,13650.0,0.87,Existing Customer
500863875,51,female,2,Collage,Unknown,20324 zł brutto,Platinum,44460.0,0.02,Existing Customer
828722170,48,male,2,Graduate,Single,18978 zł brutto,Platinum,44460.0,0.3,Existing Customer
593989632,56,female,4,Professor,Unknown,10026 zł brutto,Silver,13650.0,0.3,Attrited Customer
193013499,49,male,5,Unknown,Unknown,18156 zł brutto,Platinum,44460.0,0.18,Existing Customer
917646720,22,female,3,Post-Graduate,Single,17737 zł brutto,Gold,24600.0,0.86,Existing Customer
571975088,21,female,4,Collage,Married,20873 zł brutto,Platinum,44460.0,0.23,Existing Customer
152064863,39,male,5,Graduate,Unknown,8659 zł brutto,Silver,13650.0,0.18,Existing Customer
981101802,50,male,5,Doctorate,Unknown,15864 zł brutto,Gold,24600.0,0.94,Existing Customer
549935880,18,male,3,Collage,Married,12970 zł brutto,Gold,24600.0,0.65,Existing Customer
616020175,34,male,2,Uneducated,Unknown,22451 zł brutto,Platinum,44460.0,0.61,Existing Customer
575394908,54,male,3,Graduate,Single,29927 zł brutto,Platinum,44460.0,0.05,Existing Customer
583648421,30,female,3,Collage,Single,31324 zł brutto,Platinum,44460.0,0.78,Attrited Customer
443737017,48,female,3,Student,Single,24507 zł brutto,Platinum,44460.0,0.09,Existing Customer
153648909,42,female,2,high school,Single,10795 zł brutto,Silver,13650.0,0.48,Existing Customer
293223286,45,male,3,Post-Graduate,Single,10860 zł brutto,Silver,13650.0,0.71,Existing Customer
564153031,19,male,3,Student,Married,18926 zł brutto,Platinum,44460.0,0.08,Existing Customer
312518575,35,female,2,Collage,Married,24204 zł brutto,Platinum,44460.0,0.71,Attrited Customer
606151428,20,male,1,Doctorate,Married,4028 zł brutto,White,3750.0,0.5,Attrited Customer
680944571,41,female,3,Uneducated,Single,3231 zł brutto,White,3750.0,0.35,Existing Customer
188106280,25,female,3,high school,Single,22451 zł brutto,Platinum,44460.0,0.55,Attrited Customer
206433488,35,male,4,Professor,Unknown,3908 zł brutto,White,3750.0,0.82,Attrited Customer
404045528,48,female,2,Doctorate,Married,11503 zł brutto,Silver,13650.0,0.62,Existing Customer
589481049,55,male,2,high school,Single,21385 zł brutto,Platinum,44460.0,0.63,Existing Customer
616097950,34,male,1,Graduate,Married,15272 zł brutto,Gold,24600.0,0.96,Existing Customer
829867101,49,female,5,Student,Single,20278 zł brutto,Platinum,44460.0,0.09,Existing Customer
692777584,26,male,5,Professor,Single,27189 zł brutto,Platinum,44460.0,0.76,Attrited Customer
975523970,48,female,2,Graduate,Unknown,13569 zł brutto,Gold,24600.0,0.66,Existing Customer
404598920,19,female,4,high school,Unknown,9350 zł brutto,Silver,13650.0,0.37,Existing Customer
690251965,25,female,1,Collage,Married,11801 zł brutto,Silver,13650.0,0.47,Attrited Customer
114762962,55,male,4,Professor,Unknown,10684 zł brutto,Silver,13650.0,0.94,Attrited Customer
345788722,43,male,1,Uneducated,Married,30856 zł brutto,Platinum,44460.0,0.89,Existing Customer
721594398,58,male,2,high school,Single,31100 zł brutto,Platinum,44460.0,0.26,Attrited Customer
407143839,19,female,5,Unknown,Single,22141 zł brutto,Platinum,44460.0,0.58,Existing Customer
973096646,33,female,1,Student,Married,16668 zł brutto,Gold,24600.0,0.98,Attrited Customer
829446250,31,female,2,Professor,Unknown,29438 zł brutto,Platinum,44460.0,0.72,Attrited Customer
346699616,55,male,4,Graduate,Unknown,6054 zł brutto,Black,7900.0,0.29,Attrited Customer
104693218,56,female,4,Student,Married,6940 zł brutto,Black,7900.0,0.08,Attrited Customer
693654729,43,female,3,Collage,Unknown,25047 zł brutto,Platinum,44460.0,0.47,Existing Customer
893109600,50,male,5,Post-Graduate,Married,19162 zł brutto,Platinum,44460.0,0.57,Existing Customer
647916470,27,female,2,high school,Married,22877 zł brutto,Platinum,44460.0,0.93,Attrited Customer
578917790,27,female,4,Uneducated,Single,11457 zł brutto,Silver,13650.0,0.85,Existing Customer
349868174,60,male,4,Unknown,Married,6223 zł brutto,Black,7900.0,0.87,Attrited Customer
225960401,24,male,5,Unknown,Married,11817 zł brutto,Silver,13650.0,0.1,Existing Customer
780754513,59,female,1,Student,Unknown,16709 zł brutto,Gold,24600.0,0.71,Existing Customer
347380368,31,female,4,Collage,Single,25617 zł brutto,Platinum,44460.0,0.73,Attrited Customer
901204768,19,male,1,Doctorate,Married,12069 zł brutto,Gold,24600.0,0.23,Attrited Customer
819515542,40,female,1,Unknown,Married,11875 zł brutto,Silver,13650.0,0.74,Attrited Customer
698753261,55,female,1,Post-Graduate,Unknown,16346 zł brutto,Gold,24600.0,0.78,Attrited Customer
470292941,35,male,4,high school,Single,4625 zł brutto,White,3750.0,0.16,Attrited Customer
250779468,35,female,2,Uneducated,Single,20370 zł brutto,Platinum,44460.0,0.94,Attrited Customer
737265959,28,male,4,high school,Married,4673 zł brutto,White,3750.0,0.94,Attrited Customer
271477396,22,male,5,Post-Graduate,Married,7532 zł brutto,Silver,13650.0,0.21,Attrited Customer
876414477,60,male,3,high school,Unknown,21786 zł brutto,Platinum,44460.0,0.62,Existing Customer
135508020,50,male,1,Uneducated,Single,8466 zł brutto,Silver,13650.0,0.1,Attrited Customer
194941122,57,female,4,Professor,Married,31453 zł brutto,Platinum,44460.0,0.18,Attrited Customer
316246961,36,female,2,Student,Single,3566 zł brutto,White,3750.0,0.83,Attrited Customer
209619426,18,female,2,Graduate,Married,14048 zł brutto,Gold,24600.0,0.18,Attrited Customer
794792145,36,male,3,Doctorate,Single,22455 zł brutto,Platinum,44460.0,0.67,Existing Customer
159974890,38,male,5,Professor,Single,11942 zł brutto,Silver,13650.0,0.62,Existing Customer
873329829,60,male,3,high school,Married,6385 zł brutto,Black,7900.0,0.76,Existing Customer
223840646,43,female,3,Doctorate,Single,24940 zł brutto,Platinum,44460.0,0.35,Attrited Customer
694991445,51,male,3,Doctorate,Married,31686 zł brutto,Platinum,44460.0,0.79,Existing Customer
138856987,61,female,2,Professor,Unknown,12906 zł brutto,Gold,24600.0,0.68,Attrited Customer
312042025,47,female,1,high school,Unknown,27317 zł brutto,Platinum,44460.0,0.21,Attrited Customer
571654999,25,female,1,high school,Unknown,18387 zł brutto,Platinum,44460.0,0.48,Existing Customer
629243525,60,male,3,Collage,Single,19622 zł brutto,Platinum,44460.0,0.74,Existing Customer
916743493,60,female,3,Post-Graduate,Single,7437 zł brutto,Black,7900.0,0.61,Existing Customer
915871228,23,female,3,high school,Unknown,7126 zł brutto,Black,7900.0,0.81,Attrited Customer
234593402,62,female,1,Graduate,Single,27786 zł brutto,Platinum,44460.0,0.28,Attrited Customer
726406539,42,male,3,Post-Graduate,Married,15782 zł brutto,Gold,24600.0,0.75,Existing Customer
970291580,47,male,5,Student,Single,15592 zł brutto,Gold,24600.0,0.82,Attrited Customer
646104455,46,female,4,Graduate,Married,14494 zł brutto,Gold,24600.0,0.75,Attrited Customer
661638369,48,male,3,Uneducated,Single,16987 zł brutto,Gold,24600.0,0.78,Existing Customer
870027475,57,male,3,Graduate,Married,11629 zł brutto,Silver,13650.0,0.26,Existing Customer
145079615,53,male,4,Uneducated,Married,28045 zł brutto,Platinum,44460.0,0.53,Existing Customer
671713459,18,female,2,Collage,Single,27917 zł brutto,Platinum,44460.0,0.82,Attrited Customer
259775454,32,female,2,Student,Unknown,25971 zł brutto,Platinum,44460.0,0.24,Attrited Customer
297159266,18,female,3,high school,Married,13133 zł brutto,Gold,24600.0,0.74,Attrited Customer
563130615,37,male,5,Student,Single,26933 zł brutto,Platinum,44460.0,0.15,Attrited Customer
230731593,30,female,5,Doctorate,Married,31529 zł brutto,Platinum,44460.0,0.68,Attrited Customer
490037229,43,male,5,Graduate,Married,22389 zł brutto,Platinum,44460.0,0.16,Existing Customer
537940890,54,male,5,Student,Single,12854 zł brutto,Gold,24600.0,0.94,Existing Customer
204266783,23,female,5,Post-Graduate,Single,22108 zł brutto,Platinum,44460.0,0.41,Existing Customer
942534903,31,male,4,Unknown,Married,13668 zł brutto,Gold,24600.0,0.24,Attrited Customer
190449830,46,female,1,Post-Graduate,Unknown,12807 zł brutto,Gold,24600.0,0.38,Existing Customer
883688326,49,female,4,Collage,Unknown,28865 zł brutto,Platinum,44460.0,0.35,Existing Customer
375736871,63,female,3,Professor,Married,16061 zł brutto,Gold,24600.0,0.58,Existing Customer
320112672,29,female,4,Professor,Single,14431 zł brutto,Gold,24600.0,0.95,Existing Customer
513491169,32,male,5,Collage,Married,25267 zł brutto,Platinum,44460.0,0.53,Attrited Customer
534211741,46,male,3,high school,Married,22949 zł brutto,Platinum,44460.0,0.1,Attrited Customer
241145714,29,female,4,Uneducated,Married,29962 zł brutto,Platinum,44460.0,0.25,Existing Customer
812181274,61,male,1,Post-Graduate,Unknown,28719 zł brutto,Platinum,44460.0,0.99,Attrited Customer
261452719,41,male,2,Post-Graduate,Married,8926 zł brutto,Silver,13650.0,0.7,Attrited Customer
367584901,63,female,4,Student,Married,17184 zł brutto,Gold,24600.0,0.96,Existing Customer
176472707,36,male,5,Doctorate,Single,12282 zł brutto,Gold,24600.0,0.78,Attrited Customer
925395887,28,female,3,Graduate,Single,11618 zł brutto,Silver,13650.0,0.75,Attrited Customer
751129443,19,male,2,Graduate,Married,25963 zł brutto,Platinum,44460.0,0.79,Existing Customer
149270158,39,male,4,Professor,Married,26651 zł brutto,Platinum,44460.0,0.33,Existing Customer
603656267,46,male,1,Doctorate,Unknown,6323 zł brutto,Black,7900.0,0.58,Attrited Customer
903586205,59,male,3,Unknown,Unknown,26053 zł brutto,Platinum,44460.0,0.22,Attrited Customer
668586706,24,male,2,high school,Married,14091 zł brutto,Gold,24600.0,0.53,Attrited Customer
983728001,32,female,4,Graduate,Married,5495 zł brutto,Black,7900.0,0.9,Existing Customer
302231059,57,male,5,Post-Graduate,Single,3590 zł brutto,White,3750.0,0.32,Attrited Customer
672866037,39,male,5,Professor,Single,17186 zł brutto,Gold,24600.0,0.8,Attrited Customer
520506827,46,male,5,Collage,Single,28775 zł brutto,Platinum,44460.0,0.79,Existing Customer
110094674,47,female,2,Unknown,Unknown,31658 zł brutto,Platinum,44460.0,0.67,Existing Customer
518384170,42,female,1,Post-Graduate,Married,19458 zł brutto,Platinum,44460.0,0.31,Existing Customer
320770414,47,female,3,high school,Married,26016 zł brutto,Platinum,44460.0,0.62,Attrited Customer
785148585,38,female,4,Doctorate,Married,12004 zł brutto,Gold,24600.0,0.94,Attrited Customer
787106058,23,male,1,Doctorate,Unknown,20431 zł brutto,Platinum,44460.0,0.47,Attrited Customer
872404829,29,male,5,Doctorate,Married,5145 zł brutto,Black,7900.0,0.62,Attrited Customer
937337578,30,male,4,Uneducated,Unknown,30715 zł brutto,Platinum,44460.0,0.91,Existing Customer
615263821,51,female,1,Collage,Married,15694 zł brutto,Gold,24600.0,0.16,Existing Customer
891483614,22,male,2,Post-Graduate,Married,26382 zł brutto,Platinum,44460.0,0.65,Existing Customer
583940646,48,male,1,Doctorate,Single,25231 zł brutto,Platinum,44460.0,0.27,Existing Customer
273776124,51,male,4,Post-Graduate,Married,20583 zł brutto,Platinum,44460.0,0.72,Attrited Customer
719633683,28,female,4,Graduate,Single,15896 zł brutto,Gold,24600.0,0.5,Existing Customer
911772979,43,male,1,high school,Unknown,10349 zł brutto,Silver,13650.0,0.22,Existing Customer
967365918,30,female,3,Unknown,Married,27363 zł brutto,Platinum,44460.0,0.7,Attrited Customer
331939897,46,male,4,Doctorate,Unknown,21779 zł brutto,Platinum,44460.0,0.32,Existing Customer
988385879,49,male,4,Collage,Single,14477 zł brutto,Gold,24600.0,0.35,Existing Customer
783866452,62,female,5,Doctorate,Single,6866 zł brutto,Black,7900.0,0.9,Attrited Customer
390973773,43,female,3,Post-Graduate,Single,4672 zł brutto,White,3750.0,0.34,Attrited Customer
457825296,33,female,1,Uneducated,Single,20848 zł brutto,Platinum,44460.0,0.39,Attrited Customer
759192675,31,male,2,Unknown,Unknown,4266 zł brutto,White,3750.0,0.91,Attrited Customer
568440700,23,female,5,Graduate,Single,4087 zł brutto,White,3750.0,0.55,Existing Customer
567522985,26,female,2,Professor,Single,9784 zł brutto,Silver,13650.0,0.8,Existing Customer
362083050,57,female,3,Post-Graduate,Married,9444 zł brutto,Silver,13650.0,0.32,Attrited Customer
798652599,62,male,3,high school,Unknown,28744 zł brutto,Platinum,44460.0,0.98,Attrited Customer
644953973,50,female,1,Student,Married,11878 zł brutto,Silver,13650.0,0.52,Existing Customer
167827485,28,male,4,high school,Married,29450 zł brutto,Platinum,44460.0,0.73,Attrited Customer
933930818,60,male,2,Doctorate,Single,24959 zł brutto,Platinum,44460.0,0.26,Existing Customer
465428592,59,female,1,Post-Graduate,Single,28846 zł brutto,Platinum,44460.0,0.82,Existing Customer
585122155,63,male,4,Professor,Married,18215 zł brutto,Platinum,44460.0,0.72,Existing Customer
379792953,47,male,5,Student,Single,12948 zł brutto,Gold,24600.0,0.19,Attrited Customer
978114894,25,female,3,Professor,Married,8342 zł brutto,Silver,13650.0,0.93,Attrited Customer
486557448,38,female,1,Doctorate,Single,19655 zł brutto,Platinum,44460.0,0.8,Attrited Customer
664489392,34,female,3,Doctorate,Unknown,28591 zł brutto,Platinum,44460.0,0.91,Attrited Customer
427515248,52,male,2,Doctorate,Unknown,14388 zł brutto,Gold,24600.0,0.04,Existing Customer
364505013,52,female,2,Collage,Single,30907 zł brutto,Platinum,44460.0,0.93,Attrited Customer
248656547,40,female,2,Uneducated,Married,29285 zł brutto,Platinum,44460.0,0.73,Attrited Customer
716017228,56,male,3,Professor,Married,8010 zł brutto,Silver,13650.0,0.08,Attrited Customer
221151845,19,female,5,Professor,Married,11420 zł brutto,Silver,13650.0,0.53,Existing Customer
652055282,41,male,2,Uneducated,Married,10163 zł brutto,Silver,13650.0,0.8,Existing Customer
114188433,51,female,1,Professor,Unknown,29177 zł brutto,Platinum,44460.0,0.71,Attrited Customer
139534631,62,male,1,Graduate,Single,3417 zł brutto,White,3750.0,0.9,Attrited Customer
635288500,24,female,5,Doctorate,Married,24585 zł brutto,Platinum,44460.0,0.07,Attrited Customer
497131318,54,female,3,Collage,Unknown,12068 zł brutto,Gold,24600.0,0.66,Existing Customer
387488640,29,male,3,Graduate,Single,20637 zł brutto,Platinum,44460.0,0.44,Attrited Customer
205251854,39,male,5,Unknown,Single,22202 zł brutto,Platinum,44460.0,0.92,Attrited Customer
674611724,26,female,1,high school,Married,3233 zł brutto,White,3750.0,0.6,Attrited Customer
268908752,21,female,1,high school,Married,24998 zł brutto,Platinum,44460.0,0.08,Attrited Customer
747467264,63,female,1,Graduate,Single,20742 zł brutto,Platinum,44460.0,0.39,Existing Customer
958185091,19,female,2,Graduate,Single,9774 zł brutto,Silver,13650.0,0.13,Attrited Customer
296800678,51,male,4,Professor,Single,8890 zł brutto,Silver,13650.0,0.59,Existing Customer
908137729,60,female,2,Uneducated,Unknown,30855 zł brutto,Platinum,44460.0,0.14,Existing Customer
576766784,56,female,4,Unknown,Single,23340 zł brutto,Platinum,44460.0,0.74,Existing Customer
588105564,48,male,2,high school,Unknown,4949 zł brutto,White,3750.0,0.92,Attrited Customer
222473873,61,female,2,Collage,Married,6212 zł brutto,Black,7900.0,0.65,Attrited Customer
604907282,42,female,4,Doctorate,Single,21086 zł brutto,Platinum,44460.0,0.67,Existing Customer
852251149,38,female,2,Collage,Single,16809 zł brutto,Gold,24600.0,0.6,Attrited Customer
440529486,36,female,5,Graduate,Married,8304 zł brutto,Silver,13650.0,0.43,Attrited Customer
586309609,59,female,4,Doctorate,Single,11587 zł brutto,Silver,13650.0,0.84,Attrited Customer
845242167,49,female,4,Collage,Unknown,23566 zł brutto,Platinum,44460.0,0.28,Existing Customer
163570112,62,male,4,Student,Single,6210 zł brutto,Black,7900.0,0.37,Existing Customer
206615730,26,female,4,Professor,Married,19435 zł brutto,Platinum,44460.0,0.77,Existing Customer
712221557,26,female,3,Doctorate,Married,10480 zł brutto,Silver,13650.0,0.05,Attrited Customer
466897988,20,female,5,Post-Graduate,Married,11707 zł brutto,Silver,13650.0,0.26,Existing Customer
939168545,25,female,4,Graduate,Married,28795 zł brutto,Platinum,44460.0,0.27,Existing Customer
219800046,58,male,2,Doctorate,Married,14444 zł brutto,Gold,24600.0,0.74,Attrited Customer
476868429,29,male,3,Collage,Unknown,15534 zł brutto,Gold,24600.0,0.24,Attrited Customer
380175241,41,female,3,Uneducated,Unknown,26728 zł brutto,Platinum,44460.0,0.59,Existing Customer
479793853,50,male,3,Post-Graduate,Single,17768 zł brutto,Gold,24600.0,0.54,Attrited Customer
899841665,51,female,2,Unknown,Married,17023 zł brutto,Gold,24600.0,0.55,Existing Customer
607050694,40,male,2,Professor,Unknown,31089 zł brutto,Platinum,44460.0,0.25,Attrited Customer
553560670,46,male,1,high school,Married,10467 zł brutto,Silver,13650.0,0.71,Existing Customer
277770368,51,male,2,Graduate,Single,16537 zł brutto,Gold,24600.0,0.24,Existing Customer
528273320,43,female,3,Uneducated,Unknown,15773 zł brutto,Gold,24600.0,0.93,Existing Customer
384014161,53,male,4,high school,Married,12539 zł brutto,Gold,24600.0,0.19,Attrited Customer
314400533,41,female,1,Professor,Married,20853 zł brutto,Platinum,44460.0,0.52,Existing Customer
671047792,54,female,3,Professor,Married,4324 zł brutto,White,3750.0,0.97,Attrited Customer
594206697,47,female,4,Graduate,Unknown,31781 zł brutto,Platinum,44460.0,0.46,Attrited Customer
559190985,20,female,5,Post-Graduate,Married,23939 zł brutto,Platinum,44460.0,0.1,Attrited Customer
816104491,26,male,1,high school,Single,20940 zł brutto,Platinum,44460.0,0.5,Attrited Customer
795903193,49,male,5,Graduate,Single,2878 zł brutto,White,3750.0,0.37,Existing Customer
668933948,62,female,4,Post-Graduate,Single,18464 zł brutto,Platinum,44460.0,0.27,Existing Customer
616841191,40,male,2,Uneducated,Unknown,20521 zł brutto,Platinum,44460.0,0.29,Existing Customer
542803769,23,male,3,Collage,Married,25200 zł brutto,Platinum,44460.0,0.55,Attrited Customer
365363369,43,female,5,Unknown,Married,22539 zł brutto,Platinum,44460.0,0.99,Attrited Customer
618619782,33,male,1,Doctorate,Single,8785 zł brutto,Silver,13650.0,0.85,Existing Customer
510271517,44,male,5,Graduate,Married,24329 zł brutto,Platinum,44460.0,0.65,Existing Customer
432825500,62,female,5,Post-Graduate,Single,6850 zł brutto,Black,7900.0,0.57,Existing Customer
980287397,19,female,2,Post-Graduate,Married,21831 zł brutto,Platinum,44460.0,0.32,Existing Customer
860467794,24,male,2,Collage,Married,11312 zł brutto,Silver,13650.0,0.15,Attrited Customer
900771200,38,female,1,Uneducated,Single,15475 zł brutto,Gold,24600.0,0.35,Existing Customer
550018051,53,male,2,Doctorate,Single,9826 zł brutto,Silver,13650.0,0.06,Attrited Customer
816726969,52,male,2,Student,Single,31501 zł brutto,Platinum,44460.0,0.79,Existing Customer
103064741,24,female,2,Unknown,Single,23657 zł brutto,Platinum,44460.0,0.88,Attrited Customer
195084962,58,female,3,Uneducated,Married,10730 zł brutto,Silver,13650.0,0.92,Existing Customer
652515842,21,female,2,Collage,Married,26877 zł brutto,Platinum,44460.0,0.17,Attrited Customer
149864127,37,female,5,Uneducated,Unknown,31792 zł brutto,Platinum,44460.0,0.6,Attrited Customer
422178796,35,male,5,high school,Married,21911 zł brutto,Platinum,44460.0,0.65,Attrited Customer
238987348,33,male,2,Graduate,Unknown,3102 zł brutto,White,3750.0,0.26,Existing Customer
411521181,50,female,4,Doctorate,Married,19583 zł brutto,Platinum,44460.0,0.12,Attrited Customer
897637651,56,male,2,high school,Married,6410 zł brutto,Black,7900.0,0.58,Attrited Customer
802197102,60,male,1,Student,Unknown,7478 zł brutto,Black,7900.0,0.62,Existing Customer
698992897,37,male,5,Professor,Married,11686 zł brutto,Silver,13650.0,0.33,Existing Customer
836423709,54,female,1,Post-Graduate,Unknown,6122 zł brutto,Black,7900.0,0.81,Existing Customer
706133856,49,female,2,Uneducated,Unknown,18151 zł brutto,Platinum,44460.0,0.42,Existing Customer
470737041,26,female,3,Post-Graduate,Unknown,20233 zł brutto,Platinum,44460.0,0.01,Attrited Customer
901309590,29,male,4,Student,Married,29595 zł brutto,Platinum,44460.0,0.75,Attrited Customer
563350706,38,female,3,Student,Married,23544 zł brutto,Platinum,44460.0,0.2,Existing Customer
231557719,29,female,1,Professor,Single,24733 zł brutto,Platinum,44460.0,0.26,Existing Customer
466992398,33,female,1,Doctorate,Married,11631 zł brutto,Silver,13650.0,0.9,Attrited Customer
390849562,58,male,5,Uneducated,Married,4835 zł brutto,White,3750.0,0.88,Attrited Customer
143836136,39,female,4,Doctorate,Married,14071 zł brutto,Gold,24600.0,0.71,Attrited Customer
554647977,52,male,4,Doctorate,Single,27665 zł brutto,Platinum,44460.0,0.12,Existing Customer
237388863,33,male,2,Uneducated,Married,17174 zł brutto,Gold,24600.0,0.15,Existing Customer
189628954,56,female,2,Post-Graduate,Single,27787 zł brutto,Platinum,44460.0,0.21,Attrited Customer
273025964,46,female,1,Doctorate,Unknown,11933 zł brutto,Silver,13650.0,1.0,Attrited Customer
565641778,24,female,1,Uneducated,Unknown,5073 zł brutto,Black,7900.0,0.74,Attrited Customer
813850181,37,female,4,Unknown,Married,20437 zł brutto,Platinum,44460.0,0.16,Attrited Customer
647629288,27,male,1,Student,Single,22470 zł brutto,Platinum,44460.0,0.62,Attrited Customer
482855396,44,male,1,Graduate,Married,15452 zł brutto,Gold,24600.0,0.79,Existing Customer
286214187,28,female,1,Unknown,Unknown,27594 zł brutto,Platinum,44460.0,0.51,Attrited Customer
400161122,60,male,1,Student,Unknown,3450 zł brutto,White,3750.0,0.24,Attrited Customer
458513830,26,male,5,Student,Single,17722 zł brutto,Gold,24600.0,0.72,Attrited Customer
772472244,36,female,1,Graduate,Single,5950 zł brutto,Black,7900.0,0.89,Existing Customer
748014973,27,male,1,Unknown,Married,11425 zł brutto,Silver,13650.0,0.33,Existing Customer
467605728,32,female,5,Uneducated,Unknown,7752 zł brutto,Silver,13650.0,0.42,Attrited Customer
102781541,36,male,3,high school,Single,22800 zł brutto,Platinum,44460.0,0.42,Existing Customer
167253319,30,male,2,Doctorate,Unknown,30906 zł brutto,Platinum,44460.0,0.81,Attrited Customer
990520107,46,female,1,Unknown,Single,27965 zł brutto,Platinum,44460.0,0.5,Attrited Customer
219155886,18,female,3,Collage,Married,6656 zł brutto,Black,7900.0,0.86,Existing Customer
203608892,48,female,4,Graduate,Unknown,20488 zł brutto,Platinum,44460.0,0.76,Existing Customer
150868008,23,female,2,Uneducated,Single,7496 zł brutto,Black,7900.0,0.11,Existing Customer
771038085,25,male,5,Post-Graduate,Unknown,31628 zł brutto,Platinum,44460.0,0.77,Attrited Customer
360372796,29,female,4,Doctorate,Single,26298 zł brutto,Platinum,44460.0,0.02,Existing Customer
334661049,23,female,4,Graduate,Married,3338 zł brutto,White,3750.0,0.98,Existing Customer
433478966,51,female,4,Uneducated,Unknown,10397 zł brutto,Silver,13650.0,0.27,Existing Customer
753519666,56,female,1,Professor,Single,16542 zł brutto,Gold,24600.0,0.88,Existing Customer
212730062,48,female,3,Post-Graduate,Married,27928 zł brutto,Platinum,44460.0,0.77,Attrited Customer
649181861,40,male,3,Post-Graduate,Single,26329 zł brutto,Platinum,44460.0,0.03,Attrited Customer
807373508,56,female,4,Collage,Married,17086 zł brutto,Gold,24600.0,0.12,Attrited Customer
631785372,47,female,4,high school,Single,29309 zł brutto,Platinum,44460.0,0.86,Attrited Customer
911626050,34,male,1,Doctorate,Unknown,7105 zł brutto,Black,7900.0,0.75,Attrited Customer
151837721,52,male,5,Graduate,Married,12820 zł brutto,Gold,24600.0,0.59,Existing Customer
361077643,58,female,5,high school,Unknown,27036 zł brutto,Platinum,44460.0,0.01,Existing Customer
303413337,21,female,2,Post-Graduate,Married,13611 zł brutto,Gold,24600.0,0.36,Existing Customer
148786661,20,male,1,Doctorate,Unknown,5697 zł brutto,Black,7900.0,0.87,Existing Customer
293918623,63,female,2,Post-Graduate,Single,26529 zł brutto,Platinum,44460.0,0.43,Attrited Customer
129498408,30,male,4,Student,Single,29123 zł brutto,Platinum,44460.0,0.71,Attrited Customer
259699028,57,female,3,Student,Unknown,26150 zł brutto,Platinum,44460.0,0.61,Existing Customer
640239186,30,female,2,Uneducated,Single,8007 zł brutto,Silver,13650.0,0.42,Attrited Customer
388043453,37,male,3,Doctorate,Single,25200 zł brutto,Platinum,44460.0,0.09,Existing Customer
171527929,18,female,5,Unknown,Single,13618 zł brutto,Gold,24600.0,0.68,Attrited Customer
666164641,53,male,4,Unknown,Single,5074 zł brutto,Black,7900.0,0.75,Existing Customer
398771028,60,female,4,Unknown,Single,7018 zł brutto,Black,7900.0,0.25,Existing Customer
229164483,43,male,4,Uneducated,Single,7582 zł brutto,Silver,13650.0,0.31,Existing Customer
570325841,23,female,1,Professor,Married,18593 zł brutto,Platinum,44460.0,0.27,Existing Customer
754296237,49,male,4,Uneducated,Married,16470 zł brutto,Gold,24600.0,0.96,Attrited Customer
804067373,60,male,3,high school,Single,31777 zł brutto,Platinum,44460.0,0.51,Attrited Customer
772513064,53,male,3,Student,Single,4874 zł brutto,White,3750.0,0.28,Existing Customer
151582280,28,male,1,Student,Married,3871 zł brutto,White,3750.0,0.51,Existing Customer
314088124,53,male,1,high school,Unknown,8834 zł brutto,Silver,13650.0,0.4,Attrited Customer
495987918,49,male,3,Uneducated,Married,5699 zł brutto,Black,7900.0,0.14,Attrited Customer
812866948,18,female,3,Graduate,Unknown,28793 zł brutto,Platinum,44460.0,0.4,Existing Customer
806344425,29,male,4,Student,Single,17822 zł brutto,Gold,24600.0,0.08,Attrited Customer
701446257,32,male,2,Professor,Single,18798 zł brutto,Platinum,44460.0,0.52,Existing Customer
379159479,25,male,2,Student,Unknown,5923 zł brutto,Black,7900.0,0.1,Attrited Customer
322445809,19,male,2,Doctorate,Single,12214 zł brutto,Gold,24600.0,0.63,Existing Customer
649089631,63,female,1,Graduate,Married,28908 zł brutto,Platinum,44460.0,0.04,Attrited Customer
334267204,40,female,5,Collage,Single,11347 zł brutto,Silver,13650.0,0.24,Attrited Customer
730719737,30,female,4,Graduate,Single,27463 zł brutto,Platinum,44460.0,0.63,Existing Customer
590026208,29,male,5,Graduate,Single,27732 zł brutto,Platinum,44460.0,0.37,Attrited Customer
184284099,24,male,3,high school,Married,18694 zł brutto,Platinum,44460.0,0.85,Existing Customer
355402817,25,female,4,high school,Married,15015 zł brutto,Gold,24600.0,0.97,Attrited Customer
834937568,40,male,1,Uneducated,Single,25110 zł brutto,Platinum,44460.0,0.9,Attrited Customer
799937538,53,male,1,Professor,Single,25128 zł brutto,Platinum,44460.0,0.14,Existing Customer
118120711,56,male,2,Graduate,Married,19960 zł brutto,Platinum,44460.0,0.31,Existing Customer
745428037,49,female,2,Student,Unknown,28880 zł brutto,Platinum,44460.0,0.1,Attrited Customer
393817966,62,male,4,Post-Graduate,Unknown,28657 zł brutto,Platinum,44460.0,0.5,Existing Customer
894356221,53,female,5,high school,Single,10679 zł brutto,Silver,13650.0,0.61,Existing Customer
752352139,25,male,3,Student,Married,3114 zł brutto,White,3750.0,0.59,Existing Customer
386143447,29,male,3,Post-Graduate,Married,20971 zł brutto,Platinum,44460.0,0.31,Existing Customer
341427283,48,female,1,high school,Married,28447 zł brutto,Platinum,44460.0,0.38,Existing Customer
255145413,35,female,4,Unknown,Single,10553 zł brutto,Silver,13650.0,0.92,Attrited Customer
165052655,18,male,4,Uneducated,Single,25901 zł brutto,Platinum,44460.0,0.65,Existing Customer
188556012,26,female,4,Uneducated,Unknown,19338 zł brutto,Platinum,44460.0,0.81,Attrited Customer
373020644,38,male,5,high school,Unknown,6177 zł brutto,Black,7900.0,0.57,Existing Customer
491408583,51,male,3,Student,Single,18743 zł brutto,Platinum,44460.0,0.37,Existing Customer
518086058,38,male,5,high school,Unknown,12261 zł brutto,Gold,24600.0,0.58,Attrited Customer
574926817,52,male,5,Student,Single,22898 zł brutto,Platinum,44460.0,0.53,Existing Customer
549501899,22,male,1,Graduate,Single,29175 zł brutto,Platinum,44460.0,0.4,Attrited Customer
235405622,59,male,2,Uneducated,Single,10407 zł brutto,Silver,13650.0,0.06,Existing Customer
714158430,38,male,1,Uneducated,Married,20696 zł brutto,Platinum,44460.0,0.33,Attrited Customer
428264836,34,female,3,high school,Married,13314 zł brutto,Gold,24600.0,0.41,Existing Customer
642115324,29,male,5,Uneducated,Unknown,11271 zł brutto,Silver,13650.0,0.12,Attrited Customer
775053649,35,male,5,high school,Unknown,4127 zł brutto,White,3750.0,0.06,Attrited Customer
686543188,62,male,1,Collage,Unknown,27011 zł brutto,Platinum,44460.0,0.87,Existing Customer
401141033,39,male,2,Doctorate,Married,16701 zł brutto,Gold,24600.0,0.9,Existing Customer
880335143,23,female,3,Student,Married,12501 zł brutto,Gold,24600.0,0.9,Attrited Customer
911955794,30,female,3,Post-Graduate,Married,16655 zł brutto,Gold,24600.0,0.92,Existing Customer
265908263,30,female,4,Post-Graduate,Unknown,18480 zł brutto,Platinum,44460.0,0.42,Attrited Customer
514654862,38,female,4,Graduate,Single,9344 zł brutto,Silver,13650.0,0.51,Existing Customer
259135575,49,male,2,Student,Married,16253 zł brutto,Gold,24600.0,0.56,Existing Customer
884818992,54,male,3,high school,Unknown,8150 zł brutto,Silver,13650.0,0.47,Existing Customer
641439457,45,female,4,Professor,Unknown,22330 zł brutto,Platinum,44460.0,0.29,Attrited Customer
301230517,53,male,3,Professor,Married,2512 zł brutto,White,3750.0,0.71,Existing Customer
497089702,29,female,3,Unknown,Unknown,25228 zł brutto,Platinum,44460.0,0.02,Attrited Customer
855693875,45,male,1,Unknown,Single,2855 zł brutto,White,3750.0,0.43,Attrited Customer
467109714,43,male,5,Collage,Married,5728 zł brutto,Black,7900.0,0.95,Attrited Customer
943930584,55,male,2,Professor,Married,21452 zł brutto,Platinum,44460.0,0.11,Attrited Customer
117043561,61,female,1,Doctorate,Unknown,31568 zł brutto,Platinum,44460.0,0.34,Attrited Customer
489579008,43,female,4,high school,Married,27246 zł brutto,Platinum,44460.0,0.66,Attrited Customer
236665776,21,female,5,Graduate,Married,16769 zł brutto,Gold,24600.0,0.63,Attrited Customer
272071025,31,male,2,Collage,Married,19061 zł brutto,Platinum,44460.0,0.31,Attrited Customer
609746339,28,female,5,Graduate,Unknown,28385 zł brutto,Platinum,44460.0,0.8,Existing Customer
817526800,55,female,4,Graduate,Married,23282 zł brutto,Platinum,44460.0,0.22,Existing Customer
234048589,31,male,3,Graduate,Unknown,26426 zł brutto,Platinum,44460.0,0.21,Attrited Customer
772179631,31,female,3,Graduate,Married,27340 zł brutto,Platinum,44460.0,0.24,Existing Customer
367156927,59,male,5,Unknown,Married,4521 zł brutto,White,3750.0,0.01,Existing Customer
246446090,57,male,5,Unknown,Married,2967 zł brutto,White,3750.0,0.73,Attrited Customer
282929630,55,female,2,high school,Married,22519 zł brutto,Platinum,44460.0,0.82,Attrited Customer
967852720,38,female,3,Student,Married,8770 zł brutto,Silver,13650.0,0.19,Existing Customer
135254320,29,female,3,Post-Graduate,Unknown,22494 zł brutto,Platinum,44460.0,0.88,Attrited Customer
341326231,43,male,5,high school,Unknown,3872 zł brutto,White,3750.0,0.91,Attrited Customer
365589340,44,male,3,Unknown,Married,25438 zł brutto,Platinum,44460.0,0.18,Attrited Customer
975305671,26,male,2,Doctorate,Unknown,6046 zł brutto,Black,7900.0,0.27,Existing Customer
319908966,23,male,4,Student,Married,23193 zł brutto,Platinum,44460.0,0.61,Existing Customer
148849555,21,male,4,Collage,Unknown,28514 zł brutto,Platinum,44460.0,0.41,Existing Customer
559318561,20,female,5,Doctorate,Single,13390 zł brutto,Gold,24600.0,0.78,Existing Customer
625006953,26,male,3,Uneducated,Married,20821 zł brutto,Platinum,44460.0,0.47,Attrited Customer
243757519,48,female,4,Professor,Unknown,10121 zł brutto,Silver,13650.0,0.09,Attrited Customer
109787768,31,male,1,Professor,Married,22479 zł brutto,Platinum,44460.0,0.61,Existing Customer
117315910,54,female,4,Student,Unknown,31636 zł brutto,Platinum,44460.0,1.0,Existing Customer
728447780,51,female,1,Graduate,Unknown,13630 zł brutto,Gold,24600.0,0.3,Existing Customer
179897070,30,male,1,Student,Single,9205 zł brutto,Silver,13650.0,0.91,Attrited Customer
471887694,52,female,3,Unknown,Married,24179 zł brutto,Platinum,44460.0,0.09,Existing Customer
511039086,29,male,3,Professor,Unknown,11413 zł brutto,Silver,13650.0,0.76,Attrited Customer
252324689,29,female,1,Unknown,Single,25389 zł brutto,Platinum,44460.0,0.13,Existing Customer
265344312,41,male,1,Collage,Unknown,16640 zł brutto,Gold,24600.0,0.46,Attrited Customer
782393521,38,male,4,high school,Unknown,12093 zł brutto,Gold,24600.0,0.32,Existing Customer
198726818,41,male,2,Unknown,Single,8697 zł brutto,Silver,13650.0,0.21,Existing Customer
818009685,27,female,1,Uneducated,Unknown,27947 zł brutto,Platinum,44460.0,0.27,Attrited Customer
538188225,57,female,1,Collage,Married,7804 zł brutto,Silver,13650.0,0.83,Attrited Customer
989351072,51,male,5,Uneducated,Single,10331 zł brutto,Silver,13650.0,0.73,Existing Customer
716205966,54,male,4,Post-Graduate,Single,31919 zł brutto,Platinum,44460.0,0.18,Existing Customer
214727248,53,male,4,Graduate,Unknown,15827 zł brutto,Gold,24600.0,0.66,Existing Customer
643223312,31,female,1,Graduate,Unknown,9623 zł brutto,Silver,13650.0,0.56,Existing Customer
637356632,39,male,3,Graduate,Married,12295 zł brutto,Gold,24600.0,0.13,Existing Customer
784070393,50,female,2,Unknown,Unknown,12098 zł brutto,Gold,24600.0,0.05,Existing Customer
152280404,37,female,3,Collage,Unknown,15939 zł brutto,Gold,24600.0,0.28,Existing Customer
733449703,55,female,3,Post-Graduate,Married,23129 zł brutto,Platinum,44460.0,0.29,Attrited Customer
457505219,33,male,3,Collage,Unknown,2782 zł brutto,White,3750.0,0.95,Attrited Customer
440226310,27,female,2,Collage,Unknown,5465 zł brutto,Black,7900.0,0.57,Attrited Customer
201869651,41,female,2,Professor,Married,29629 zł brutto,Platinum,44460.0,0.64,Existing Customer
547110232,39,male,2,high school,Single,23079 zł brutto,Platinum,44460.0,0.98,Attrited Customer
407431193,58,female,2,Professor,Married,11932 zł brutto,Silver,13650.0,0.62,Existing Customer
569493260,47,female,3,Student,Unknown,4528 zł brutto,White,3750.0,0.8,Existing Customer
720230916,46,female,4,Unknown,Unknown,28920 zł brutto,Platinum,44460.0,0.25,Attrited Customer
606972866,25,female,5,high school,Married,7596 zł brutto,Silver,13650.0,0.72,Attrited Customer
216004472,62,female,2,high school,Married,11455 zł brutto,Silver,13650.0,0.13,Existing Customer
753416323,58,male,4,Professor,Married,18756 zł brutto,Platinum,44460.0,0.05,Existing Customer
886603882,39,male,4,high school,Unknown,13312 zł brutto,Gold,24600.0,0.3,Existing Customer
995422134,57,male,3,Student,Single,27252 zł brutto,Platinum,44460.0,0.12,Attrited Customer
815855830,52,male,3,Post-Graduate,Unknown,25587 zł brutto,Platinum,44460.0,0.89,Existing Customer
923795199,47,female,2,Uneducated,Single,28332 zł brutto,Platinum,44460.0,0.85,Existing Customer
497199666,26,female,5,Graduate,Married,5772 zł brutto,Black,7900.0,0.68,Attrited Customer
242194927,46,female,2,Post-Graduate,Unknown,8819 zł brutto,Silver,13650.0,0.14,Existing Customer
155872646,52,female,2,Unknown,Married,28953 zł brutto,Platinum,44460.0,0.26,Existing Customer
412491198,33,male,1,Post-Graduate,Unknown,12644 zł brutto,Gold,24600.0,0.03,Existing Customer
970950813,21,male,5,Graduate,Single,22012 zł brutto,Platinum,44460.0,0.19,Attrited Customer
327476702,52,female,4,Professor,Single,18801 zł brutto,Platinum,44460.0,0.29,Attrited Customer
899334203,61,male,3,high school,Unknown,28160 zł brutto,Platinum,44460.0,0.73,Existing Customer
723148614,50,female,3,Post-Graduate,Single,21508 zł brutto,Platinum,44460.0,0.79,Attrited Customer
199995127,28,male,2,Collage,Unknown,26137 zł brutto,Platinum,44460.0,0.33,Existing Customer
742485475,47,female,1,Unknown,Married,3854 zł brutto,White,3750.0,0.11,Existing Customer
918570721,60,male,1,high school,Married,6195 zł brutto,Black,7900.0,0.48,Existing Customer
266588792,59,male,3,Doctorate,Single,5205 zł brutto,Black,7900.0,0.66,Attrited Customer
352974470,49,female,3,Student,Married,30074 zł brutto,Platinum,44460.0,0.38,Attrited Customer
836802946,41,female,3,high school,Unknown,21877 zł brutto,Platinum,44460.0,0.9,Attrited Customer
980855766,26,male,1,high school,Single,8990 zł brutto,Silver,13650.0,0.64,Existing Customer
799306246,58,male,1,Student,Married,9299 zł brutto,Silver,13650.0,0.89,Attrited Customer
413362500,37,male,3,Professor,Unknown,17179 zł brutto,Gold,24600.0,0.31,Attrited Customer
367442172,21,male,1,Collage,Single,11537 zł brutto,Silver,13650.0,0.57,Attrited Customer
702203968,30,male,3,Graduate,Single,18566 zł brutto,Platinum,44460.0,0.27,Existing Customer
378947454,37,female,1,Professor,Unknown,20577 zł brutto,Platinum,44460.0,0.96,Existing Customer
880362042,57,male,4,Professor,Unknown,4736 zł brutto,White,3750.0,0.28,Attrited Customer
303728724,37,male,2,Unknown,Married,24185 zł brutto,Platinum,44460.0,0.85,Attrited Customer
175388120,47,male,2,high school,Married,2821 zł brutto,White,3750.0,0.41,Existing Customer
913241000,25,female,5,Doctorate,Unknown,21292 zł brutto,Platinum,44460.0,0.32,Existing Customer
594240547,28,female,5,Post-Graduate,Unknown,30714 zł brutto,Platinum,44460.0,0.56,Attrited Customer
606433733,44,male,1,Graduate,Married,20785 zł brutto,Platinum,44460.0,0.54,Existing Customer
413528513,43,male,1,Graduate,Married,26734 zł brutto,Platinum,44460.0,0.06,Existing Customer
853493129,50,female,1,high school,Married,12064 zł brutto,Gold,24600.0,0.33,Attrited Customer
713053857,21,female,5,high school,Single,27253 zł brutto,Platinum,44460.0,0.12,Existing Customer
968536715,41,female,1,Professor,Married,13051 zł brutto,Gold,24600.0,0.79,Attrited Customer
359510092,29,male,3,Professor,Single,27758 zł brutto,Platinum,44460.0,0.54,Existing Customer
332979295,49,female,1,Collage,Single,21832 zł brutto,Platinum,44460.0,0.62,Attrited Customer
997861643,28,female,4,Unknown,Married,31638 zł brutto,Platinum,44460.0,0.52,Attrited Customer
860341047,58,male,3,Student,Married,27522 zł brutto,Platinum,44460.0,0.88,Attrited Customer
912041045,25,male,4,Doctorate,Single,16147 zł brutto,Gold,24600.0,0.27,Attrited Customer
645952622,42,female,3,Doctorate,Married,20396 zł brutto,Platinum,44460.0,0.2,Attrited Customer
517402444,40,female,1,Doctorate,Unknown,6895 zł brutto,Black,7900.0,0.35,Attrited Customer
217368985,24,male,3,high school,Single,11353 zł brutto,Silver,13650.0,0.73,Attrited Customer
588714839,53,male,1,Professor,Married,15512 zł brutto,Gold,24600.0,0.7,Attrited Customer
571241624,36,male,1,Student,Single,9317 zł brutto,Silver,13650.0,0.96,Attrited Customer
856430829,61,female,1,Student,Single,28843 zł brutto,Platinum,44460.0,0.1,Attrited Customer
161055944,32,male,2,Doctorate,Single,31467 zł brutto,Platinum,44460.0,0.52,Attrited Customer
702958064,44,male,3,Doctorate,Single,21564 zł brutto,Platinum,44460.0,0.67,Attrited Customer
211397519,48,female,4,Collage,Married,11323 zł brutto,Silver,13650.0,0.95,Attrited Customer
122783266,55,male,1,Post-Graduate,Married,31591 zł brutto,Platinum,44460.0,0.68,Existing Customer
426842495,50,female,3,Student,Married,17397 zł brutto,Gold,24600.0,0.0,Attrited Customer
146967691,29,male,3,Post-Graduate,Unknown,17630 zł brutto,Gold,24600.0,0.67,Attrited Customer
452804412,27,female,1,Post-Graduate,Married,11149 zł brutto,Silver,13650.0,0.63,Existing Customer
691331418,60,female,5,Collage,Unknown,22492 zł brutto,Platinum,44460.0,0.31,Attrited Customer
503228405,47,male,2,Post-Graduate,Single,13781 zł brutto,Gold,24600.0,0.93,Attrited Customer
540330199,54,male,5,Unknown,Married,20380 zł brutto,Platinum,44460.0,0.68,Existing Customer
801174772,61,female,2,Post-Graduate,Married,7781 zł brutto,Silver,13650.0,0.15,Existing Customer
109934609,18,male,2,Post-Graduate,Unknown,7631 zł brutto,Silver,13650.0,0.54,Attrited Customer
494479802,35,male,5,Unknown,Single,22188 zł brutto,Platinum,44460.0,0.44,Attrited Customer
279642295,25,female,2,high school,Married,20174 zł brutto,Platinum,44460.0,0.56,Attrited Customer
324435565,26,female,1,Doctorate,Unknown,9303 zł brutto,Silver,13650.0,0.86,Attrited Customer
974036584,27,male,5,Post-Graduate,Single,28622 zł brutto,Platinum,44460.0,0.86,Attrited Customer
591188902,31,female,4,Post-Graduate,Married,9135 zł brutto,Silver,13650.0,0.77,Attrited Customer
